"id","payment_type","allowed"
1,"A",1
2,"A",2
3,"A",1
4,"A",2
5,"A",1
6,"A",2
7,"A",1
8,"A",2
9,"A",1
10,"A",2
11,"A",1
12,"A",2
13,"A",1
14,"A",2
15,"A",1
16,"A",2
17,"A",1
18,"A",2
19,"A",1
20,"A",2
21,"A",1
22,"A",2
23,"A",1
24,"A",2
25,"A",1
26,"A",2
27,"A",1
28,"A",2
29,"A",1
30,"A",2
31,"A",1
32,"A",2
33,"A",1
34,"A",2
35,"A",1
36,"A",2
37,"A",1
38,"A",2
39,"A",1
40,"A",2
41,"A",1
42,"A",2
43,"A",1
44,"A",2
45,"A",1
46,"A",2
47,"A",1
48,"A",2
49,"A",1
50,"A",2
51,"A",1
52,"A",2
53,"A",1
54,"A",2
55,"A",1
56,"A",2
57,"A",1
58,"A",2
59,"A",1
60,"A",2
61,"A",1
62,"A",2
63,"A",1
64,"A",2
65,"A",1
66,"A",2
67,"A",1
68,"A",2
69,"A",1
70,"A",2
71,"A",1
72,"A",2
73,"A",1
74,"A",2
75,"A",1
76,"A",2
77,"A",1
78,"A",2
79,"A",1
80,"A",2
81,"A",1
82,"A",2
83,"A",1
84,"A",2
85,"A",1
86,"A",2
87,"A",1
88,"A",2
89,"A",1
90,"A",2
91,"A",1
92,"A",2
93,"A",1
94,"A",2
95,"A",1
96,"A",2
97,"A",1
98,"A",2
99,"A",1
100,"A",2
101,"A",1
102,"A",2
103,"A",1
104,"A",2
105,"A",1
106,"A",2
107,"A",1
108,"A",2
109,"A",1
110,"A",2
111,"A",1
112,"A",2
113,"A",1
114,"A",2
115,"A",1
116,"A",2
117,"A",1
118,"A",2
119,"A",1
120,"A",2
121,"A",1
122,"A",2
123,"A",1
124,"A",2
125,"A",1
126,"A",2
127,"A",1
128,"A",2
129,"A",1
130,"A",2
131,"A",1
132,"A",2
133,"A",1
134,"A",2
135,"A",1
136,"A",2
137,"A",1
138,"A",2
139,"A",1
140,"A",2
141,"A",1
142,"A",2
143,"A",1
144,"A",2
145,"A",1
146,"A",2
147,"A",1
148,"A",2
149,"A",1
150,"A",2
151,"A",1
152,"A",2
153,"A",1
154,"A",2
155,"A",1
156,"A",2
157,"A",1
158,"A",2
159,"A",1
160,"A",2
161,"A",1
162,"A",2
163,"A",1
164,"A",2
165,"A",1
166,"A",2
167,"A",1
168,"A",2
169,"A",1
170,"A",2
171,"A",1
172,"A",2
173,"A",1
174,"A",2
175,"A",1
176,"A",2
177,"A",1
178,"A",2
179,"A",1
180,"A",2
181,"A",1
182,"A",2
183,"A",1
184,"A",2
185,"A",1
186,"A",2
187,"A",1
188,"A",2
189,"A",1
190,"A",2
191,"A",1
192,"A",2
193,"A",1
194,"A",2
195,"A",1
196,"A",2
197,"A",1
198,"A",2
199,"A",1
200,"A",2
201,"A",1
202,"A",2
203,"A",1
204,"A",2
205,"A",1
206,"A",2
207,"A",1
208,"A",2
209,"A",1
210,"A",2
211,"A",1
212,"A",2
213,"A",1
214,"A",2
215,"A",1
216,"A",2
217,"A",1
218,"A",2
219,"A",1
220,"A",2
221,"A",1
222,"A",2
223,"A",1
224,"A",2
225,"A",1
226,"A",2
227,"A",1
228,"A",2
229,"A",1
230,"A",2
231,"A",1
232,"A",2
233,"A",1
234,"A",2
235,"A",1
236,"A",2
237,"A",1
238,"A",2
239,"A",1
240,"A",2
241,"A",1
242,"A",2
243,"A",1
244,"A",2
245,"A",1
246,"A",2
247,"A",1
248,"A",2
249,"A",1
250,"A",2
251,"A",1
252,"A",2
253,"A",1
254,"A",2
255,"A",1
256,"A",2
257,"A",1
258,"A",2
259,"A",1
260,"A",2
261,"A",1
262,"A",2
263,"A",1
264,"A",2
265,"A",1
266,"A",2
267,"A",1
268,"A",2
269,"A",1
270,"A",2
271,"A",1
272,"A",2
273,"A",1
274,"A",2
275,"A",1
276,"A",2
277,"A",1
278,"A",2
279,"A",1
280,"A",2
281,"A",1
282,"A",2
283,"A",1
284,"A",2
285,"A",1
286,"A",2
287,"A",1
288,"A",2
289,"A",1
290,"A",2
291,"A",1
292,"A",2
293,"A",1
294,"A",2
295,"A",1
296,"A",2
297,"A",1
298,"A",2
299,"A",1
300,"A",2
301,"A",1
302,"A",2
303,"A",1
304,"A",2
305,"A",1
306,"A",2
307,"A",1
308,"A",2
309,"A",1
310,"A",2
311,"A",1
312,"A",2
313,"A",1
314,"A",2
315,"A",1
316,"A",2
317,"A",1
318,"A",2
319,"A",1
320,"A",2
321,"A",1
322,"A",2
323,"A",1
324,"A",2
325,"A",1
326,"A",2
327,"A",1
328,"A",2
329,"A",1
330,"A",2
331,"A",1
332,"A",2
333,"A",1
334,"A",2
335,"A",1
336,"A",2
337,"A",1
338,"A",2
339,"A",1
340,"A",2
341,"A",1
342,"A",2
343,"A",1
344,"A",2
345,"A",1
346,"A",2
347,"A",1
348,"A",2
349,"A",1
350,"A",2
351,"A",1
352,"A",2
353,"A",1
354,"A",2
355,"A",1
356,"A",2
357,"A",1
358,"A",2
359,"A",1
360,"A",2
361,"A",1
362,"A",2
363,"A",1
364,"A",2
365,"A",1
366,"A",2
367,"A",1
368,"A",2
369,"A",1
370,"A",2
371,"A",1
372,"A",2
373,"A",1
374,"A",2
375,"A",1
376,"A",2
377,"A",1
378,"A",2
379,"A",1
380,"A",2
381,"A",1
382,"A",2
383,"A",1
384,"A",2
385,"A",1
386,"A",2
387,"A",1
388,"A",2
389,"A",1
390,"A",2
391,"A",1
392,"A",2
393,"A",1
394,"A",2
395,"A",1
396,"A",2
397,"A",1
398,"A",2
399,"A",1
400,"A",2
401,"A",1
402,"A",2
403,"A",1
404,"A",2
405,"A",1
406,"A",2
407,"A",1
408,"A",2
409,"A",1
410,"A",2
411,"A",1
412,"A",2
413,"A",1
414,"A",2
415,"A",1
416,"A",2
417,"A",1
418,"A",2
419,"A",1
420,"A",2
421,"A",1
422,"A",2
423,"A",1
424,"A",2
425,"A",1
426,"A",2
427,"A",1
428,"A",2
429,"A",1
430,"A",2
431,"A",1
432,"A",2
433,"A",1
434,"A",2
435,"A",1
436,"A",2
437,"A",1
438,"A",2
439,"A",1
440,"A",2
441,"A",1
442,"A",2
443,"A",1
444,"A",2
445,"A",1
446,"A",2
447,"A",1
448,"A",2
449,"A",1
450,"A",2
451,"A",1
452,"A",2
453,"A",1
454,"A",2
455,"A",1
456,"A",2
457,"A",1
458,"A",2
459,"A",1
460,"A",2
461,"A",1
462,"A",2
463,"A",1
464,"A",2
465,"A",1
466,"A",2
467,"A",1
468,"A",2
469,"A",1
470,"A",2
471,"A",1
472,"A",2
473,"A",1
474,"A",2
475,"A",1
476,"A",2
477,"A",1
478,"A",2
479,"A",1
480,"A",2
481,"A",1
482,"A",2
483,"A",1
484,"A",2
485,"A",1
486,"A",2
487,"A",1
488,"A",2
489,"A",1
490,"A",2
491,"A",1
492,"A",2
493,"A",1
494,"A",2
495,"A",1
496,"A",2
497,"A",1
498,"A",2
499,"A",1
500,"A",2
501,"A",1
502,"A",2
503,"A",1
504,"A",2
505,"A",1
506,"A",2
507,"A",1
508,"A",2
509,"A",1
510,"A",2
511,"A",1
512,"A",2
513,"A",1
514,"A",2
515,"A",1
516,"A",2
517,"A",1
518,"A",2
519,"A",1
520,"A",2
521,"A",1
522,"A",2
523,"A",1
524,"A",2
525,"A",1
526,"A",2
527,"A",1
528,"A",2
529,"A",1
530,"A",2
531,"A",1
532,"A",2
533,"A",1
534,"A",2
535,"A",1
536,"A",2
537,"A",1
538,"A",2
539,"A",1
540,"A",2
541,"A",1
542,"A",2
543,"A",1
544,"A",2
545,"A",1
546,"A",2
547,"A",1
548,"A",2
549,"A",1
550,"A",2
551,"A",1
552,"A",2
553,"A",1
554,"A",2
555,"A",1
556,"A",2
557,"A",1
558,"A",2
559,"A",1
560,"A",2
561,"A",1
562,"A",2
563,"A",1
564,"A",2
565,"A",1
566,"A",2
567,"A",1
568,"A",2
569,"A",1
570,"A",2
571,"A",1
572,"A",2
573,"A",1
574,"A",2
575,"A",1
576,"A",2
577,"A",1
578,"A",2
579,"A",1
580,"A",2
581,"A",1
582,"A",2
583,"A",1
584,"A",2
585,"A",1
586,"A",2
587,"A",1
588,"A",2
589,"A",1
590,"A",2
591,"A",1
592,"A",2
593,"A",1
594,"A",2
595,"A",1
596,"A",2
597,"A",1
598,"A",2
599,"A",1
600,"A",2
601,"A",1
602,"A",2
603,"A",1
604,"A",2
605,"A",1
606,"A",2
607,"A",1
608,"A",2
609,"A",1
610,"A",2
611,"A",1
612,"A",2
613,"A",1
614,"A",2
615,"A",1
616,"A",2
617,"A",1
618,"A",2
619,"A",1
620,"A",2
621,"A",1
622,"A",2
623,"A",1
624,"A",2
625,"A",1
626,"A",2
627,"A",1
628,"A",2
629,"A",1
630,"A",2
631,"A",1
632,"A",2
633,"A",1
634,"A",2
635,"A",1
636,"A",2
637,"A",1
638,"A",2
639,"A",1
640,"A",2
641,"A",1
642,"A",2
643,"A",1
644,"A",2
645,"A",1
646,"A",2
647,"A",1
648,"A",2
649,"A",1
650,"A",2
651,"A",1
652,"A",2
653,"A",1
654,"A",2
655,"A",1
656,"A",2
657,"A",1
658,"A",2
659,"A",1
660,"A",2
661,"A",1
662,"A",2
663,"A",1
664,"A",2
665,"A",1
666,"A",2
667,"A",1
668,"A",2
669,"A",1
670,"A",2
671,"A",1
672,"A",2
673,"A",1
674,"A",2
675,"A",1
676,"A",2
677,"A",1
678,"A",2
679,"A",1
680,"A",2
681,"A",1
682,"A",2
683,"A",1
684,"A",2
685,"A",1
686,"A",2
687,"A",1
688,"A",2
689,"A",1
690,"A",2
691,"A",1
692,"A",2
693,"A",1
694,"A",2
695,"A",1
696,"A",2
697,"A",1
698,"A",2
699,"A",1
700,"A",2
701,"A",1
702,"A",2
703,"A",1
704,"A",2
705,"A",1
706,"A",2
707,"A",1
708,"A",2
709,"A",1
710,"A",2
711,"A",1
712,"A",2
713,"A",1
714,"A",2
715,"A",1
716,"A",2
717,"A",1
718,"A",2
719,"A",1
720,"A",2
721,"A",1
722,"A",2
723,"A",1
724,"A",2
725,"A",1
726,"A",2
727,"A",1
728,"A",2
729,"A",1
730,"A",2
731,"A",1
732,"A",2
733,"A",1
734,"A",2
735,"A",1
736,"A",2
737,"A",1
738,"A",2
739,"A",1
740,"A",2
741,"A",1
742,"A",2
743,"A",1
744,"A",2
745,"A",1
746,"A",2
747,"A",1
748,"A",2
749,"A",1
750,"A",2
751,"A",1
752,"A",2
753,"A",1
754,"A",2
755,"A",1
756,"A",2
757,"A",1
758,"A",2
759,"A",1
760,"A",2
761,"A",1
762,"A",2
763,"A",1
764,"A",2
765,"A",1
766,"A",2
767,"A",1
768,"A",2
769,"A",1
770,"A",2
771,"A",1
772,"A",2
773,"A",1
774,"A",2
775,"A",1
776,"A",2
777,"A",1
778,"A",2
779,"A",1
780,"A",2
781,"A",1
782,"A",2
783,"A",1
784,"A",2
785,"A",1
786,"A",2
787,"A",1
788,"A",2
789,"A",1
790,"A",2
791,"A",1
792,"A",2
793,"A",1
794,"A",2
795,"A",1
796,"A",2
797,"A",1
798,"A",2
799,"A",1
800,"A",2
801,"A",1
802,"A",2
803,"A",1
804,"A",2
805,"A",1
806,"A",2
807,"A",1
808,"A",2
809,"A",1
810,"A",2
811,"A",1
812,"A",2
813,"A",1
814,"A",2
815,"A",1
816,"A",2
817,"A",1
818,"A",2
819,"A",1
820,"A",2
821,"A",1
822,"A",2
823,"A",1
824,"A",2
825,"A",1
826,"A",2
827,"A",1
828,"A",2
829,"A",1
830,"A",2
831,"A",1
832,"A",2
833,"A",1
834,"A",2
835,"A",1
836,"A",2
837,"A",1
838,"A",2
839,"A",1
840,"A",2
841,"A",1
842,"A",2
843,"A",1
844,"A",2
845,"A",1
846,"A",2
847,"A",1
848,"A",2
849,"A",1
850,"A",2
851,"A",1
852,"A",2
853,"A",1
854,"A",2
855,"A",1
856,"A",2
857,"A",1
858,"A",2
859,"A",1
860,"A",2
861,"A",1
862,"A",2
863,"A",1
864,"A",2
865,"A",1
866,"A",2
867,"A",1
868,"A",2
869,"A",1
870,"A",2
871,"A",1
872,"A",2
873,"A",1
874,"A",2
875,"A",1
876,"A",2
877,"A",1
878,"A",2
879,"A",1
880,"A",2
881,"A",1
882,"A",2
883,"A",1
884,"A",2
885,"A",1
886,"A",2
887,"A",1
888,"A",2
889,"A",1
890,"A",2
891,"A",1
892,"A",2
893,"A",1
894,"A",2
895,"A",1
896,"A",2
897,"A",1
898,"A",2
899,"A",1
900,"A",2
901,"A",1
902,"A",2
903,"A",1
904,"A",2
905,"A",1
906,"A",2
907,"A",1
908,"A",2
909,"A",1
910,"A",2
911,"A",1
912,"A",2
913,"A",1
914,"A",2
915,"A",1
916,"A",2
917,"A",1
918,"A",2
919,"A",1
920,"A",2
921,"A",1
922,"A",2
923,"A",1
924,"A",2
925,"A",1
926,"A",2
927,"A",1
928,"A",2
929,"A",1
930,"A",2
931,"A",1
932,"A",2
933,"A",1
934,"A",2
935,"A",1
936,"A",2
937,"A",1
938,"A",2
939,"A",1
940,"A",2
941,"A",1
942,"A",2
943,"A",1
944,"A",2
945,"A",1
946,"A",2
947,"A",1
948,"A",2
949,"A",1
950,"A",2
951,"A",1
952,"A",2
953,"A",1
954,"A",2
955,"A",1
956,"A",2
957,"A",1
958,"A",2
959,"A",1
960,"A",2
961,"A",1
962,"A",2
963,"A",1
964,"A",2
965,"A",1
966,"A",2
967,"A",1
968,"A",2
969,"A",1
970,"A",2
971,"A",1
972,"A",2
973,"A",1
974,"A",2
975,"A",1
976,"A",2
977,"A",1
978,"A",2
979,"A",1
980,"A",2
981,"A",1
982,"A",2
983,"A",1
984,"A",2
985,"A",1
986,"A",2
987,"A",1
988,"A",2
989,"A",1
990,"A",2
991,"A",1
992,"A",2
993,"A",1
994,"A",2
995,"A",1
996,"A",2
997,"A",1
998,"A",2
999,"A",1
1000,"A",2
1001,"A",1
1002,"A",2
1003,"A",1
1004,"A",2
1005,"A",1
1006,"A",2
1007,"A",1
1008,"A",2
1009,"A",1
1010,"A",2
1011,"A",1
1012,"A",2
1013,"A",1
1014,"A",2
1015,"A",1
1016,"A",2
1017,"A",1
1018,"A",2
1019,"A",1
1020,"A",2
1021,"A",1
1022,"A",2
1023,"A",1
1024,"A",2
1025,"A",1
1026,"A",2
1027,"A",1
1028,"A",2
1029,"A",1
1030,"A",2
1031,"A",1
1032,"A",2
1033,"A",1
1034,"A",2
1035,"A",1
1036,"A",2
1037,"A",1
1038,"A",2
1039,"A",1
1040,"A",2
1041,"A",1
1042,"A",2
1043,"A",1
1044,"A",2
1045,"A",1
1046,"A",2
1047,"A",1
1048,"A",2
1049,"A",1
1050,"A",2
1051,"A",1
1052,"A",2
1053,"A",1
1054,"A",2
1055,"A",1
1056,"A",2
1057,"A",1
1058,"A",2
1059,"A",1
1060,"A",2
1061,"A",1
1062,"A",2
1063,"A",1
1064,"A",2
1065,"A",1
1066,"A",2
1067,"A",1
1068,"A",2
1069,"A",1
1070,"A",2
1071,"A",1
1072,"A",2
1073,"A",1
1074,"A",2
1075,"A",1
1076,"A",2
1077,"A",1
1078,"A",2
1079,"A",1
1080,"A",2
1081,"A",1
1082,"A",2
1083,"A",1
1084,"A",2
1085,"A",1
1086,"A",2
1087,"A",1
1088,"A",2
1089,"A",1
1090,"A",2
1091,"A",1
1092,"A",2
1093,"A",1
1094,"A",2
1095,"A",1
1096,"A",2
1097,"A",1
1098,"A",2
1099,"A",1
1100,"A",2
1101,"A",1
1102,"A",2
1103,"A",1
1104,"A",2
1105,"A",1
1106,"A",2
1107,"A",1
1108,"A",2
1109,"A",1
1110,"A",2
1111,"A",1
1112,"A",2
1113,"A",1
1114,"A",2
1115,"A",1
1116,"A",2
1117,"A",1
1118,"A",2
1119,"A",1
1120,"A",2
1121,"A",1
1122,"A",2
1123,"A",1
1124,"A",2
1125,"A",1
1126,"A",2
1127,"A",1
1128,"A",2
1129,"A",1
1130,"A",2
1131,"A",1
1132,"A",2
1133,"A",1
1134,"A",2
1135,"A",1
1136,"A",2
1137,"A",1
1138,"A",2
1139,"A",1
1140,"A",2
1141,"A",1
1142,"A",2
1143,"A",1
1144,"A",2
1145,"A",1
1146,"A",2
1147,"A",1
1148,"A",2
1149,"A",1
1150,"A",2
1151,"A",1
1152,"A",2
1153,"A",1
1154,"A",2
1155,"A",1
1156,"A",2
1157,"A",1
1158,"A",2
1159,"A",1
1160,"A",2
1161,"A",1
1162,"A",2
1163,"A",1
1164,"A",2
1165,"A",1
1166,"A",2
1167,"A",1
1168,"A",2
1169,"A",1
1170,"A",2
1171,"A",1
1172,"A",2
1173,"A",1
1174,"A",2
1175,"A",1
1176,"A",2
1177,"A",1
1178,"A",2
1179,"A",1
1180,"A",2
1181,"A",1
1182,"A",2
1183,"A",1
1184,"A",2
1185,"A",1
1186,"A",2
1187,"A",1
1188,"A",2
1189,"A",1
1190,"A",2
1191,"A",1
1192,"A",2
1193,"A",1
1194,"A",2
1195,"A",1
1196,"A",2
1197,"A",1
1198,"A",2
1199,"A",1
1200,"A",2
1201,"A",1
1202,"A",2
1203,"A",1
1204,"A",2
1205,"A",1
1206,"A",2
1207,"A",1
1208,"A",2
1209,"A",1
1210,"A",2
1211,"A",1
1212,"A",2
1213,"A",1
1214,"A",2
1215,"A",1
1216,"A",2
1217,"A",1
1218,"A",2
1219,"A",1
1220,"A",2
1221,"A",1
1222,"A",2
1223,"A",1
1224,"A",2
1225,"A",1
1226,"A",2
1227,"A",1
1228,"A",2
1229,"A",1
1230,"A",2
1231,"A",1
1232,"A",2
1233,"A",1
1234,"A",2
1235,"A",1
1236,"A",2
1237,"A",1
1238,"A",2
1239,"A",1
1240,"A",2
1241,"A",1
1242,"A",2
1243,"A",1
1244,"A",2
1245,"A",1
1246,"A",2
1247,"A",1
1248,"A",2
1249,"A",1
1250,"A",2
1251,"A",1
1252,"A",2
1253,"A",1
1254,"A",2
1255,"A",1
1256,"A",2
1257,"A",1
1258,"A",2
1259,"A",1
1260,"A",2
1261,"A",1
1262,"A",2
1263,"A",1
1264,"A",2
1265,"A",1
1266,"A",2
1267,"A",1
1268,"A",2
1269,"A",1
1270,"A",2
1271,"A",1
1272,"A",2
1273,"A",1
1274,"A",2
1275,"A",1
1276,"A",2
1277,"A",1
1278,"A",2
1279,"A",1
1280,"A",2
1281,"A",1
1282,"A",2
1283,"A",1
1284,"A",2
1285,"A",1
1286,"A",2
1287,"A",1
1288,"A",2
1289,"A",1
1290,"A",2
1291,"A",1
1292,"A",2
1293,"A",1
1294,"A",2
1295,"A",1
1296,"A",2
1297,"A",1
1298,"A",2
1299,"A",1
1300,"A",2
1301,"A",1
1302,"A",2
1303,"A",1
1304,"A",2
1305,"A",1
1306,"A",2
1307,"A",1
1308,"A",2
1309,"A",1
1310,"A",2
1311,"A",1
1312,"A",2
1313,"A",1
1314,"A",2
1315,"A",1
1316,"A",2
1317,"A",1
1318,"A",2
1319,"A",1
1320,"A",2
1321,"A",1
1322,"A",2
1323,"A",1
1324,"A",2
1325,"A",1
1326,"A",2
1327,"A",1
1328,"A",2
1329,"A",1
1330,"A",2
1331,"A",1
1332,"A",2
1333,"A",1
1334,"A",2
1335,"A",1
1336,"A",2
1337,"A",1
1338,"A",2
1339,"A",1
1340,"A",2
1341,"A",1
1342,"A",2
1343,"A",1
1344,"A",2
1345,"A",1
1346,"A",2
1347,"A",1
1348,"A",2
1349,"A",1
1350,"A",2
1351,"A",1
1352,"A",2
1353,"A",1
1354,"A",2
1355,"A",1
1356,"A",2
1357,"A",1
1358,"A",2
1359,"A",1
1360,"A",2
1361,"A",1
1362,"A",2
1363,"A",1
1364,"A",2
1365,"A",1
1366,"A",2
1367,"A",1
1368,"A",2
1369,"A",1
1370,"A",2
1371,"A",1
1372,"A",2
1373,"A",1
1374,"A",2
1375,"A",1
1376,"A",2
1377,"A",1
1378,"A",2
1379,"A",1
1380,"A",2
1381,"A",1
1382,"A",2
1383,"A",1
1384,"A",2
1385,"A",1
1386,"A",2
1387,"A",1
1388,"A",2
1389,"A",1
1390,"A",2
1391,"A",1
1392,"A",2
1393,"A",1
1394,"A",2
1395,"A",1
1396,"A",2
1397,"A",1
1398,"A",2
1399,"A",1
1400,"A",2
1401,"A",1
1402,"A",2
1403,"A",1
1404,"A",2
1405,"A",1
1406,"A",2
1407,"A",1
1408,"A",2
1409,"A",1
1410,"A",2
1411,"A",1
1412,"A",2
1413,"A",1
1414,"A",2
1415,"A",1
1416,"A",2
1417,"A",1
1418,"A",2
1419,"A",1
1420,"A",2
1421,"A",1
1422,"A",2
1423,"A",1
1424,"A",2
1425,"A",1
1426,"A",2
1427,"A",1
1428,"A",2
1429,"A",1
1430,"A",2
1431,"A",1
1432,"A",2
1433,"A",1
1434,"A",2
1435,"A",1
1436,"A",2
1437,"A",1
1438,"A",2
1439,"A",1
1440,"A",2
1441,"A",1
1442,"A",2
1443,"A",1
1444,"A",2
1445,"A",1
1446,"A",2
1447,"A",1
1448,"A",2
1449,"A",1
1450,"A",2
1451,"A",1
1452,"A",2
1453,"A",1
1454,"A",2
1455,"A",1
1456,"A",2
1457,"A",1
1458,"A",2
1459,"A",1
1460,"A",2
1461,"A",1
1462,"A",2
1463,"A",1
1464,"A",2
1465,"A",1
1466,"A",2
1467,"A",1
1468,"A",2
1469,"A",1
1470,"A",2
1471,"A",1
1472,"A",2
1473,"A",1
1474,"A",2
1475,"A",1
1476,"A",2
1477,"A",1
1478,"A",2
1479,"A",1
1480,"A",2
1481,"A",1
1482,"A",2
1483,"A",1
1484,"A",2
1485,"A",1
1486,"A",2
1487,"A",1
1488,"A",2
1489,"A",1
1490,"A",2
1491,"A",1
1492,"A",2
1493,"A",1
1494,"A",2
1495,"A",1
1496,"A",2
1497,"A",1
1498,"A",2
1499,"A",1
1500,"A",2
1501,"A",1
1502,"A",2
1503,"A",1
1504,"A",2
1505,"A",1
1506,"A",2
1507,"A",1
1508,"A",2
1509,"A",1
1510,"A",2
1511,"A",1
1512,"A",2
1513,"A",1
1514,"A",2
1515,"A",1
1516,"A",2
1517,"A",1
1518,"A",2
1519,"A",1
1520,"A",2
1521,"A",1
1522,"A",2
1523,"A",1
1524,"A",2
1525,"A",1
1526,"A",2
1527,"A",1
1528,"A",2
1529,"A",1
1530,"A",2
1531,"A",1
1532,"A",2
1533,"A",1
1534,"A",2
1535,"A",1
1536,"A",2
1537,"A",1
1538,"A",2
1539,"A",1
1540,"A",2
1541,"A",1
1542,"A",2
1543,"A",1
1544,"A",2
1545,"A",1
1546,"A",2
1547,"A",1
1548,"A",2
1549,"A",1
1550,"A",2
1551,"A",1
1552,"A",2
1553,"A",1
1554,"A",2
1555,"A",1
1556,"A",2
1557,"A",1
1558,"A",2
1559,"A",1
1560,"A",2
1561,"A",1
1562,"A",2
1563,"A",1
1564,"A",2
1565,"A",1
1566,"A",2
1567,"A",1
1568,"A",2
1569,"A",1
1570,"A",2
1571,"A",1
1572,"A",2
1573,"A",1
1574,"A",2
1575,"A",1
1576,"A",2
1577,"A",1
1578,"A",2
1579,"A",1
1580,"A",2
1581,"A",1
1582,"A",2
1583,"A",1
1584,"A",2
1585,"A",1
1586,"A",2
1587,"A",1
1588,"A",2
1589,"A",1
1590,"A",2
1591,"A",1
1592,"A",2
1593,"A",1
1594,"A",2
1595,"A",1
1596,"A",2
1597,"A",1
1598,"A",2
1599,"A",1
1600,"A",2
1601,"A",1
1602,"A",2
1603,"A",1
1604,"A",2
1605,"A",1
1606,"A",2
1607,"A",1
1608,"A",2
1609,"A",1
1610,"A",2
1611,"A",1
1612,"A",2
1613,"A",1
1614,"A",2
1615,"A",1
1616,"A",2
1617,"A",1
1618,"A",2
1619,"A",1
1620,"A",2
1621,"A",1
1622,"A",2
1623,"A",1
1624,"A",2
1625,"A",1
1626,"A",2
1627,"A",1
1628,"A",2
1629,"A",1
1630,"A",2
1631,"A",1
1632,"A",2
1633,"A",1
1634,"A",2
1635,"A",1
1636,"A",2
1637,"A",1
1638,"A",2
1639,"A",1
1640,"A",2
1641,"A",1
1642,"A",2
1643,"A",1
1644,"A",2
1645,"A",1
1646,"A",2
1647,"A",1
1648,"A",2
1649,"A",1
1650,"A",2
1651,"A",1
1652,"A",2
1653,"A",1
1654,"A",2
1655,"A",1
1656,"A",2
1657,"A",1
1658,"A",2
1659,"A",1
1660,"A",2
1661,"A",1
1662,"A",2
1663,"A",1
1664,"A",2
1665,"A",1
1666,"A",2
1667,"A",1
1668,"A",2
1669,"A",1
1670,"A",2
1671,"A",1
1672,"A",2
1673,"A",1
1674,"A",2
1675,"A",1
1676,"A",2
1677,"A",1
1678,"A",2
1679,"A",1
1680,"A",2
1681,"A",1
1682,"A",2
1683,"A",1
1684,"A",2
1685,"A",1
1686,"A",2
1687,"A",1
1688,"A",2
1689,"A",1
1690,"A",2
1691,"A",1
1692,"A",2
1693,"A",1
1694,"A",2
1695,"A",1
1696,"A",2
1697,"A",1
1698,"A",2
1699,"A",1
1700,"A",2
1701,"A",1
1702,"A",2
1703,"A",1
1704,"A",2
1705,"A",1
1706,"A",2
1707,"A",1
1708,"A",2
1709,"A",1
1710,"A",2
1711,"A",1
1712,"A",2
1713,"A",1
1714,"A",2
1715,"A",1
1716,"A",2
1717,"A",1
1718,"A",2
1719,"A",1
1720,"A",2
1721,"A",1
1722,"A",2
1723,"A",1
1724,"A",2
1725,"A",1
1726,"A",2
1727,"A",1
1728,"A",2
1729,"A",1
1730,"A",2
1731,"A",1
1732,"A",2
1733,"A",1
1734,"A",2
1735,"A",1
1736,"A",2
1737,"A",1
1738,"A",2
1739,"A",1
1740,"A",2
1741,"A",1
1742,"A",2
1743,"A",1
1744,"A",2
1745,"A",1
1746,"A",2
1747,"A",1
1748,"A",2
1749,"A",1
1750,"A",2
1751,"A",1
1752,"A",2
1753,"A",1
1754,"A",2
1755,"A",1
1756,"A",2
1757,"A",1
1758,"A",2
1759,"A",1
1760,"A",2
1761,"A",1
1762,"A",2
1763,"A",1
1764,"A",2
1765,"A",1
1766,"A",2
1767,"A",1
1768,"A",2
1769,"A",1
1770,"A",2
1771,"A",1
1772,"A",2
1773,"A",1
1774,"A",2
1775,"A",1
1776,"A",2
1777,"A",1
1778,"A",2
1779,"A",1
1780,"A",2
1781,"A",1
1782,"A",2
1783,"A",1
1784,"A",2
1785,"A",1
1786,"A",2
1787,"A",1
1788,"A",2
1789,"A",1
1790,"A",2
1791,"A",1
1792,"A",2
1793,"A",1
1794,"A",2
1795,"A",1
1796,"A",2
1797,"A",1
1798,"A",2
1799,"A",1
1800,"A",2
1801,"A",1
1802,"A",2
1803,"A",1
1804,"A",2
1805,"A",1
1806,"A",2
1807,"A",1
1808,"A",2
1809,"A",1
1810,"A",2
1811,"A",1
1812,"A",2
1813,"A",1
1814,"A",2
1815,"A",1
1816,"A",2
1817,"A",1
1818,"A",2
1819,"A",1
1820,"A",2
1821,"A",1
1822,"A",2
1823,"A",1
1824,"A",2
1825,"A",1
1826,"A",2
1827,"A",1
1828,"A",2
1829,"A",1
1830,"A",2
1831,"A",1
1832,"A",2
1833,"A",1
1834,"A",2
1835,"A",1
1836,"A",2
1837,"A",1
1838,"A",2
1839,"A",1
1840,"A",2
1841,"A",1
1842,"A",2
1843,"A",1
1844,"A",2
1845,"A",1
1846,"A",2
1847,"A",1
1848,"A",2
1849,"A",1
1850,"A",2
1851,"A",1
1852,"A",2
1853,"A",1
1854,"A",2
1855,"A",1
1856,"A",2
1857,"A",1
1858,"A",2
1859,"A",1
1860,"A",2
1861,"A",1
1862,"A",2
1863,"A",1
1864,"A",2
1865,"A",1
1866,"A",2
1867,"A",1
1868,"A",2
1869,"A",1
1870,"A",2
1871,"A",1
1872,"A",2
1873,"A",1
1874,"A",2
1875,"A",1
1876,"A",2
1877,"A",1
1878,"A",2
1879,"A",1
1880,"A",2
1881,"A",1
1882,"A",2
1883,"A",1
1884,"A",2
1885,"A",1
1886,"A",2
1887,"A",1
1888,"A",2
1889,"A",1
1890,"A",2
1891,"A",1
1892,"A",2
1893,"A",1
1894,"A",2
1895,"A",1
1896,"A",2
1897,"A",1
1898,"A",2
1899,"A",1
1900,"A",2
1901,"A",1
1902,"A",2
1903,"A",1
1904,"A",2
1905,"A",1
1906,"A",2
1907,"A",1
1908,"A",2
1909,"A",1
1910,"A",2
1911,"A",1
1912,"A",2
1913,"A",1
1914,"A",2
1915,"A",1
1916,"A",2
1917,"A",1
1918,"A",2
1919,"A",1
1920,"A",2
1921,"A",1
1922,"A",2
1923,"A",1
1924,"A",2
1925,"A",1
1926,"A",2
1927,"A",1
1928,"A",2
1929,"A",1
1930,"A",2
1931,"A",1
1932,"A",2
1933,"A",1
1934,"A",2
1935,"A",1
1936,"A",2
1937,"A",1
1938,"A",2
1939,"A",1
1940,"A",2
1941,"A",1
1942,"A",2
1943,"A",1
1944,"A",2
1945,"A",1
1946,"A",2
1947,"A",1
1948,"A",2
1949,"A",1
1950,"A",2
1951,"A",1
1952,"A",2
1953,"A",1
1954,"A",2
1955,"A",1
1956,"A",2
1957,"A",1
1958,"A",2
1959,"A",1
1960,"A",2
1961,"A",1
1962,"A",2
1963,"A",1
1964,"A",2
1965,"A",1
1966,"A",2
1967,"A",1
1968,"A",2
1969,"A",1
1970,"A",2
1971,"A",1
1972,"A",2
1973,"A",1
1974,"A",2
1975,"A",1
1976,"A",2
1977,"A",1
1978,"A",2
1979,"A",1
1980,"A",2
1981,"A",1
1982,"A",2
1983,"A",1
1984,"A",2
1985,"A",1
1986,"A",2
1987,"A",1
1988,"A",2
1989,"A",1
1990,"A",2
1991,"A",1
1992,"A",2
1993,"A",1
1994,"A",2
1995,"A",1
1996,"A",2
1997,"A",1
1998,"A",2
1999,"A",1
2000,"A",2
2001,"A",1
2002,"A",2
2003,"A",1
2004,"A",2
2005,"A",1
2006,"A",2
2007,"A",1
2008,"A",2
2009,"A",1
2010,"A",2
2011,"A",1
2012,"A",2
2013,"A",1
2014,"A",2
2015,"A",1
2016,"A",2
2017,"A",1
2018,"A",2
2019,"A",1
2020,"A",2
2021,"A",1
2022,"A",2
2023,"A",1
2024,"A",2
2025,"A",1
2026,"A",2
2027,"A",1
2028,"A",2
2029,"A",1
2030,"A",2
2031,"A",1
2032,"A",2
2033,"A",1
2034,"A",2
2035,"A",1
2036,"A",2
2037,"A",1
2038,"A",2
2039,"A",1
2040,"A",2
2041,"A",1
2042,"A",2
2043,"A",1
2044,"A",2
2045,"A",1
2046,"A",2
2047,"A",1
2048,"A",2
2049,"A",1
2050,"A",2
2051,"A",1
2052,"A",2
2053,"A",1
2054,"A",2
2055,"A",1
2056,"A",2
2057,"A",1
2058,"A",2
2059,"A",1
2060,"A",2
2061,"A",1
2062,"A",2
2063,"A",1
2064,"A",2
2065,"A",1
2066,"A",2
2067,"A",1
2068,"A",2
2069,"A",1
2070,"A",2
2071,"A",1
2072,"A",2
2073,"A",1
2074,"A",2
2075,"A",1
2076,"A",2
2077,"A",1
2078,"A",2
2079,"A",1
2080,"A",2
2081,"A",1
2082,"A",2
2083,"A",1
2084,"A",2
2085,"A",1
2086,"A",2
2087,"A",1
2088,"A",2
2089,"A",1
2090,"A",2
2091,"A",1
2092,"A",2
2093,"A",1
2094,"A",2
2095,"A",1
2096,"A",2
2097,"A",1
2098,"A",2
2099,"A",1
2100,"A",2
2101,"A",1
2102,"A",2
2103,"A",1
2104,"A",2
2105,"A",1
2106,"A",2
2107,"A",1
2108,"A",2
2109,"A",1
2110,"A",2
2111,"A",1
2112,"A",2
2113,"A",1
2114,"A",2
2115,"A",1
2116,"A",2
2117,"A",1
2118,"A",2
2119,"A",1
2120,"A",2
2121,"A",1
2122,"A",2
2123,"A",1
2124,"A",2
2125,"A",1
2126,"A",2
2127,"A",1
2128,"A",2
2129,"A",1
2130,"A",2
2131,"A",1
2132,"A",2
2133,"A",1
2134,"A",2
2135,"A",1
2136,"A",2
2137,"A",1
2138,"A",2
2139,"A",1
2140,"A",2
2141,"A",1
2142,"A",2
2143,"A",1
2144,"A",2
2145,"A",1
2146,"A",2
2147,"A",1
2148,"A",2
2149,"A",1
2150,"A",2
2151,"A",1
2152,"A",2
2153,"A",1
2154,"A",2
2155,"A",1
2156,"A",2
2157,"A",1
2158,"A",2
2159,"A",1
2160,"A",2
2161,"A",1
2162,"A",2
2163,"A",1
2164,"A",2
2165,"A",1
2166,"A",2
2167,"A",1
2168,"A",2
2169,"A",1
2170,"A",2
2171,"A",1
2172,"A",2
2173,"A",1
2174,"A",2
2175,"A",1
2176,"A",2
2177,"A",1
2178,"A",2
2179,"A",1
2180,"A",2
2181,"A",1
2182,"A",2
2183,"A",1
2184,"A",2
2185,"A",1
2186,"A",2
2187,"A",1
2188,"A",2
2189,"A",1
2190,"A",2
2191,"A",1
2192,"A",2
2193,"A",1
2194,"A",2
2195,"A",1
2196,"A",2
2197,"A",1
2198,"A",2
2199,"A",1
2200,"A",2
2201,"A",1
2202,"A",2
2203,"A",1
2204,"A",2
2205,"A",1
2206,"A",2
2207,"A",1
2208,"A",2
2209,"A",1
2210,"A",2
2211,"A",1
2212,"A",2
2213,"A",1
2214,"A",2
2215,"A",1
2216,"A",2
2217,"A",1
2218,"A",2
2219,"A",1
2220,"A",2
2221,"A",1
2222,"A",2
2223,"A",1
2224,"A",2
2225,"A",1
2226,"A",2
2227,"A",1
2228,"A",2
2229,"A",1
2230,"A",2
2231,"A",1
2232,"A",2
2233,"A",1
2234,"A",2
2235,"A",1
2236,"A",2
2237,"A",1
2238,"A",2
2239,"A",1
2240,"A",2
2241,"A",1
2242,"A",2
2243,"A",1
2244,"A",2
2245,"A",1
2246,"A",2
2247,"A",1
2248,"A",2
2249,"A",1
2250,"A",2
2251,"A",1
2252,"A",2
2253,"A",1
2254,"A",2
2255,"A",1
2256,"A",2
2257,"A",1
2258,"A",2
2259,"A",1
2260,"A",2
2261,"A",1
2262,"A",2
2263,"A",1
2264,"A",2
2265,"A",1
2266,"A",2
2267,"A",1
2268,"A",2
2269,"A",1
2270,"A",2
2271,"A",1
2272,"A",2
2273,"A",1
2274,"A",2
2275,"A",1
2276,"A",2
2277,"A",1
2278,"A",2
2279,"A",1
2280,"A",2
2281,"A",1
2282,"A",2
2283,"A",1
2284,"A",2
2285,"A",1
2286,"A",2
2287,"A",1
2288,"A",2
2289,"A",1
2290,"A",2
2291,"A",1
2292,"A",2
2293,"A",1
2294,"A",2
2295,"A",1
2296,"A",2
2297,"A",1
2298,"A",2
2299,"A",1
2300,"A",2
2301,"A",1
2302,"A",2
2303,"A",1
2304,"A",2
2305,"A",1
2306,"A",2
2307,"A",1
2308,"A",2
2309,"A",1
2310,"A",2
2311,"A",1
2312,"A",2
2313,"A",1
2314,"A",2
2315,"A",1
2316,"A",2
2317,"A",1
2318,"A",2
2319,"A",1
2320,"A",2
2321,"A",1
2322,"A",2
2323,"A",1
2324,"A",2
2325,"A",1
2326,"A",2
2327,"A",1
2328,"A",2
2329,"A",1
2330,"A",2
2331,"A",1
2332,"A",2
2333,"A",1
2334,"A",2
2335,"A",1
2336,"A",2
2337,"A",1
2338,"A",2
2339,"A",1
2340,"A",2
2341,"A",1
2342,"A",2
2343,"A",1
2344,"A",2
2345,"A",1
2346,"A",2
2347,"A",1
2348,"A",2
2349,"A",1
2350,"A",2
2351,"A",1
2352,"A",2
2353,"A",1
2354,"A",2
2355,"A",1
2356,"A",2
2357,"A",1
2358,"A",2
2359,"A",1
2360,"A",2
2361,"A",1
2362,"A",2
2363,"A",1
2364,"A",2
2365,"A",1
2366,"A",2
2367,"A",1
2368,"A",2
2369,"A",1
2370,"A",2
2371,"A",1
2372,"A",2
2373,"A",1
2374,"A",2
2375,"A",1
2376,"A",2
2377,"A",1
2378,"A",2
2379,"A",1
2380,"A",2
2381,"A",1
2382,"A",2
2383,"A",1
2384,"A",2
2385,"A",1
2386,"A",2
2387,"A",1
2388,"A",2
2389,"A",1
2390,"A",2
2391,"A",1
2392,"A",2
2393,"A",1
2394,"A",2
2395,"A",1
2396,"A",2
2397,"A",1
2398,"A",2
2399,"A",1
2400,"A",2
2401,"A",1
2402,"A",2
2403,"A",1
2404,"A",2
2405,"A",1
2406,"A",2
2407,"A",1
2408,"A",2
2409,"A",1
2410,"A",2
2411,"A",1
2412,"A",2
2413,"A",1
2414,"A",2
2415,"A",1
2416,"A",2
2417,"A",1
2418,"A",2
2419,"A",1
2420,"A",2
2421,"A",1
2422,"A",2
2423,"A",1
2424,"A",2
2425,"A",1
2426,"A",2
2427,"A",1
2428,"A",2
2429,"A",1
2430,"A",2
2431,"A",1
2432,"A",2
2433,"A",1
2434,"A",2
2435,"A",1
2436,"A",2
2437,"A",1
2438,"A",2
2439,"A",1
2440,"A",2
2441,"A",1
2442,"A",2
2443,"A",1
2444,"A",2
2445,"A",1
2446,"A",2
2447,"A",1
2448,"A",2
2449,"A",1
2450,"A",2
2451,"A",1
2452,"A",2
2453,"A",1
2454,"A",2
2455,"A",1
2456,"A",2
2457,"A",1
2458,"A",2
2459,"A",1
2460,"A",2
2461,"A",1
2462,"A",2
2463,"A",1
2464,"A",2
2465,"A",1
2466,"A",2
2467,"A",1
2468,"A",2
2469,"A",1
2470,"A",2
2471,"A",1
2472,"A",2
2473,"A",1
2474,"A",2
2475,"A",1
2476,"A",2
2477,"A",1
2478,"A",2
2479,"A",1
2480,"A",2
2481,"A",1
2482,"A",2
2483,"A",1
2484,"A",2
2485,"A",1
2486,"A",2
2487,"A",1
2488,"A",2
2489,"A",1
2490,"A",2
2491,"A",1
2492,"A",2
2493,"A",1
2494,"A",2
2495,"A",1
2496,"A",2
2497,"A",1
2498,"A",2
2499,"A",1
2500,"A",2
2501,"A",1
2502,"A",2
2503,"A",1
2504,"A",2
2505,"A",1
2506,"A",2
2507,"A",1
2508,"A",2
2509,"A",1
2510,"A",2
2511,"A",1
2512,"A",2
2513,"A",1
2514,"A",2
2515,"A",1
2516,"A",2
2517,"A",1
2518,"A",2
2519,"A",1
2520,"A",2
2521,"A",1
2522,"A",2
2523,"A",1
2524,"A",2
2525,"A",1
2526,"A",2
2527,"A",1
2528,"A",2
2529,"A",1
2530,"A",2
2531,"A",1
2532,"A",2
2533,"A",1
2534,"A",2
2535,"A",1
2536,"A",2
2537,"A",1
2538,"A",2
2539,"A",1
2540,"A",2
2541,"A",1
2542,"A",2
2543,"A",1
2544,"A",2
2545,"A",1
2546,"A",2
2547,"A",1
2548,"A",2
2549,"A",1
2550,"A",2
2551,"A",1
2552,"A",2
2553,"A",1
2554,"A",2
2555,"A",1
2556,"A",2
2557,"A",1
2558,"A",2
2559,"A",1
2560,"A",2
2561,"A",1
2562,"A",2
2563,"A",1
2564,"A",2
2565,"A",1
2566,"A",2
2567,"A",1
2568,"A",2
2569,"A",1
2570,"A",2
2571,"A",1
2572,"A",2
2573,"A",1
2574,"A",2
2575,"A",1
2576,"A",2
2577,"A",1
2578,"A",2
2579,"A",1
2580,"A",2
2581,"A",1
2582,"A",2
2583,"A",1
2584,"A",2
2585,"A",1
2586,"A",2
2587,"A",1
2588,"A",2
2589,"A",1
2590,"A",2
2591,"A",1
2592,"A",2
2593,"A",1
2594,"A",2
2595,"A",1
2596,"A",2
2597,"A",1
2598,"A",2
2599,"A",1
2600,"A",2
2601,"A",1
2602,"A",2
2603,"A",1
2604,"A",2
2605,"A",1
2606,"A",2
2607,"A",1
2608,"A",2
2609,"A",1
2610,"A",2
2611,"A",1
2612,"A",2
2613,"A",1
2614,"A",2
2615,"A",1
2616,"A",2
2617,"A",1
2618,"A",2
2619,"A",1
2620,"A",2
2621,"A",1
2622,"A",2
2623,"A",1
2624,"A",2
2625,"A",1
2626,"A",2
2627,"A",1
2628,"A",2
2629,"A",1
2630,"A",2
2631,"A",1
2632,"A",2
2633,"A",1
2634,"A",2
2635,"A",1
2636,"A",2
2637,"A",1
2638,"A",2
2639,"A",1
2640,"A",2
2641,"A",1
2642,"A",2
2643,"A",1
2644,"A",2
2645,"A",1
2646,"A",2
2647,"A",1
2648,"A",2
2649,"A",1
2650,"A",2
2651,"A",1
2652,"A",2
2653,"A",1
2654,"A",2
2655,"A",1
2656,"A",2
2657,"A",1
2658,"A",2
2659,"A",1
2660,"A",2
2661,"A",1
2662,"A",2
2663,"A",1
2664,"A",2
2665,"A",1
2666,"A",2
2667,"A",1
2668,"A",2
2669,"A",1
2670,"A",2
2671,"A",1
2672,"A",2
2673,"A",1
2674,"A",2
2675,"A",1
2676,"A",2
2677,"A",1
2678,"A",2
2679,"A",1
2680,"A",2
2681,"A",1
2682,"A",2
2683,"A",1
2684,"A",2
2685,"A",1
2686,"A",2
2687,"A",1
2688,"A",2
2689,"A",1
2690,"A",2
2691,"A",1
2692,"A",2
2693,"A",1
2694,"A",2
2695,"A",1
2696,"A",2
2697,"A",1
2698,"A",2
2699,"A",1
2700,"A",2
2701,"A",1
2702,"A",2
2703,"A",1
2704,"A",2
2705,"A",1
2706,"A",2
2707,"A",1
2708,"A",2
2709,"A",1
2710,"A",2
2711,"A",1
2712,"A",2
2713,"A",1
2714,"A",2
2715,"A",1
2716,"A",2
2717,"A",1
2718,"A",2
2719,"A",1
2720,"A",2
2721,"A",1
2722,"A",2
2723,"A",1
2724,"A",2
2725,"A",1
2726,"A",2
2727,"A",1
2728,"A",2
2729,"A",1
2730,"A",2
2731,"A",1
2732,"A",2
2733,"A",1
2734,"A",2
2735,"A",1
2736,"A",2
2737,"A",1
2738,"A",2
2739,"A",1
2740,"A",2
2741,"A",1
2742,"A",2
2743,"A",1
2744,"A",2
2745,"A",1
2746,"A",2
2747,"A",1
2748,"A",2
2749,"A",1
2750,"A",2
2751,"A",1
2752,"A",2
2753,"A",1
2754,"A",2
2755,"A",1
2756,"A",2
2757,"A",1
2758,"A",2
2759,"A",1
2760,"A",2
2761,"A",1
2762,"A",2
2763,"A",1
2764,"A",2
2765,"A",1
2766,"A",2
2767,"A",1
2768,"A",2
2769,"A",1
2770,"A",2
2771,"A",1
2772,"A",2
2773,"A",1
2774,"A",2
2775,"A",1
2776,"A",2
2777,"A",1
2778,"A",2
2779,"A",1
2780,"A",2
2781,"A",1
2782,"A",2
2783,"A",1
2784,"A",2
2785,"A",1
2786,"A",2
2787,"A",1
2788,"A",2
2789,"A",1
2790,"A",2
2791,"A",1
2792,"A",2
2793,"A",1
2794,"A",2
2795,"A",1
2796,"A",2
2797,"A",1
2798,"A",2
2799,"A",1
2800,"A",2
2801,"A",1
2802,"A",2
2803,"A",1
2804,"A",2
2805,"A",1
2806,"A",2
2807,"A",1
2808,"A",2
2809,"A",1
2810,"A",2
2811,"A",1
2812,"A",2
2813,"A",1
2814,"A",2
2815,"A",1
2816,"A",2
2817,"A",1
2818,"A",2
2819,"A",1
2820,"A",2
2821,"A",1
2822,"A",2
2823,"A",1
2824,"A",2
2825,"A",1
2826,"A",2
2827,"A",1
2828,"A",2
2829,"A",1
2830,"A",2
2831,"A",1
2832,"A",2
2833,"A",1
2834,"A",2
2835,"A",1
2836,"A",2
2837,"A",1
2838,"A",2
2839,"A",1
2840,"A",2
2841,"A",1
2842,"A",2
2843,"A",1
2844,"A",2
2845,"A",1
2846,"A",2
2847,"A",1
2848,"A",2
2849,"A",1
2850,"A",2
2851,"A",1
2852,"A",2
2853,"A",1
2854,"A",2
2855,"A",1
2856,"A",2
2857,"A",1
2858,"A",2
2859,"A",1
2860,"A",2
2861,"A",1
2862,"A",2
2863,"A",1
2864,"A",2
2865,"A",1
2866,"A",2
2867,"A",1
2868,"A",2
2869,"A",1
2870,"A",2
2871,"A",1
2872,"A",2
2873,"A",1
2874,"A",2
2875,"A",1
2876,"A",2
2877,"A",1
2878,"A",2
2879,"A",1
2880,"A",2
2881,"A",1
2882,"A",2
2883,"A",1
2884,"A",2
2885,"A",1
2886,"A",2
2887,"A",1
2888,"A",2
2889,"A",1
2890,"A",2
2891,"A",1
2892,"A",2
2893,"A",1
2894,"A",2
2895,"A",1
2896,"A",2
2897,"A",1
2898,"A",2
2899,"A",1
2900,"A",2
2901,"A",1
2902,"A",2
2903,"A",1
2904,"A",2
2905,"A",1
2906,"A",2
2907,"A",1
2908,"A",2
2909,"A",1
2910,"A",2
2911,"A",1
2912,"A",2
2913,"A",1
2914,"A",2
2915,"A",1
2916,"A",2
2917,"A",1
2918,"A",2
2919,"A",1
2920,"A",2
2921,"A",1
2922,"A",2
2923,"A",1
2924,"A",2
2925,"A",1
2926,"A",2
2927,"A",1
2928,"A",2
2929,"A",1
2930,"A",2
2931,"A",1
2932,"A",2
2933,"A",1
2934,"A",2
2935,"A",1
2936,"A",2
2937,"A",1
2938,"A",2
2939,"A",1
2940,"A",2
2941,"A",1
2942,"A",2
2943,"A",1
2944,"A",2
2945,"A",1
2946,"A",2
2947,"A",1
2948,"A",2
2949,"A",1
2950,"A",2
2951,"A",1
2952,"A",2
2953,"A",1
2954,"A",2
2955,"A",1
2956,"A",2
2957,"A",1
2958,"A",2
2959,"A",1
2960,"A",2
2961,"A",1
2962,"A",2
2963,"A",1
2964,"A",2
2965,"A",1
2966,"A",2
2967,"A",1
2968,"A",2
2969,"A",1
2970,"A",2
2971,"A",1
2972,"A",2
2973,"A",1
2974,"A",2
2975,"A",1
2976,"A",2
2977,"A",1
2978,"A",2
2979,"A",1
2980,"A",2
2981,"A",1
2982,"A",2
2983,"A",1
2984,"A",2
2985,"A",1
2986,"A",2
2987,"A",1
2988,"A",2
2989,"A",1
2990,"A",2
2991,"A",1
2992,"A",2
2993,"A",1
2994,"A",2
2995,"A",1
2996,"A",2
2997,"A",1
2998,"A",2
2999,"A",1
3000,"A",2
3001,"A",1
3002,"A",2
3003,"A",1
3004,"A",2
3005,"A",1
3006,"A",2
3007,"A",1
3008,"A",2
3009,"A",1
3010,"A",2
3011,"A",1
3012,"A",2
3013,"A",1
3014,"A",2
3015,"A",1
3016,"A",2
3017,"A",1
3018,"A",2
3019,"A",1
3020,"A",2
3021,"A",1
3022,"A",2
3023,"A",1
3024,"A",2
3025,"A",1
3026,"A",2
3027,"A",1
3028,"A",2
3029,"A",1
3030,"A",2
3031,"A",1
3032,"A",2
3033,"A",1
3034,"A",2
3035,"A",1
3036,"A",2
3037,"A",1
3038,"A",2
3039,"A",1
3040,"A",2
3041,"A",1
3042,"A",2
3043,"A",1
3044,"A",2
3045,"A",1
3046,"A",2
3047,"A",1
3048,"A",2
3049,"A",1
3050,"A",2
3051,"A",1
3052,"A",2
3053,"A",1
3054,"A",2
3055,"A",1
3056,"A",2
3057,"A",1
3058,"A",2
3059,"A",1
3060,"A",2
3061,"A",1
3062,"A",2
3063,"A",1
3064,"A",2
3065,"A",1
3066,"A",2
3067,"A",1
3068,"A",2
3069,"A",1
3070,"A",2
3071,"A",1
3072,"A",2
3073,"A",1
3074,"A",2
3075,"A",1
3076,"A",2
3077,"A",1
3078,"A",2
3079,"A",1
3080,"A",2
3081,"A",1
3082,"A",2
3083,"A",1
3084,"A",2
3085,"A",1
3086,"A",2
3087,"A",1
3088,"A",2
3089,"A",1
3090,"A",2
3091,"A",1
3092,"A",2
3093,"A",1
3094,"A",2
3095,"A",1
3096,"A",2
3097,"A",1
3098,"A",2
3099,"A",1
3100,"A",2
3101,"A",1
3102,"A",2
3103,"A",1
3104,"A",2
3105,"A",1
3106,"A",2
3107,"A",1
3108,"A",2
3109,"A",1
3110,"A",2
3111,"A",1
3112,"A",2
3113,"A",1
3114,"A",2
3115,"A",1
3116,"A",2
3117,"A",1
3118,"A",2
3119,"A",1
3120,"A",2
3121,"A",1
3122,"A",2
3123,"A",1
3124,"A",2
3125,"A",1
3126,"A",2
3127,"A",1
3128,"A",2
3129,"A",1
3130,"A",2
3131,"A",1
3132,"A",2
3133,"A",1
3134,"A",2
3135,"A",1
3136,"A",2
3137,"A",1
3138,"A",2
3139,"A",1
3140,"A",2
3141,"A",1
3142,"A",2
3143,"A",1
3144,"A",2
3145,"A",1
3146,"A",2
3147,"A",1
3148,"A",2
3149,"A",1
3150,"A",2
3151,"A",1
3152,"A",2
3153,"A",1
3154,"A",2
3155,"A",1
3156,"A",2
3157,"A",1
3158,"A",2
3159,"A",1
3160,"A",2
3161,"A",1
3162,"A",2
3163,"A",1
3164,"A",2
3165,"A",1
3166,"A",2
3167,"A",1
3168,"A",2
3169,"A",1
3170,"A",2
3171,"A",1
3172,"A",2
3173,"A",1
3174,"A",2
3175,"A",1
3176,"A",2
3177,"A",1
3178,"A",2
3179,"A",1
3180,"A",2
3181,"A",1
3182,"A",2
3183,"A",1
3184,"A",2
3185,"A",1
3186,"A",2
3187,"A",1
3188,"A",2
3189,"A",1
3190,"A",2
3191,"A",1
3192,"A",2
3193,"A",1
3194,"A",2
3195,"A",1
3196,"A",2
3197,"A",1
3198,"A",2
3199,"A",1
3200,"A",2
3201,"A",1
3202,"A",2
3203,"A",1
3204,"A",2
3205,"A",1
3206,"A",2
3207,"A",1
3208,"A",2
3209,"A",1
3210,"A",2
3211,"A",1
3212,"A",2
3213,"A",1
3214,"A",2
3215,"A",1
3216,"A",2
3217,"A",1
3218,"A",2
3219,"A",1
3220,"A",2
3221,"A",1
3222,"A",2
3223,"A",1
3224,"A",2
3225,"A",1
3226,"A",2
3227,"A",1
3228,"A",2
3229,"A",1
3230,"A",2
3231,"A",1
3232,"A",2
3233,"A",1
3234,"A",2
3235,"A",1
3236,"A",2
3237,"A",1
3238,"A",2
3239,"A",1
3240,"A",2
3241,"A",1
3242,"A",2
3243,"A",1
3244,"A",2
3245,"A",1
3246,"A",2
3247,"A",1
3248,"A",2
3249,"A",1
3250,"A",2
3251,"A",1
3252,"A",2
3253,"A",1
3254,"A",2
3255,"A",1
3256,"A",2
3257,"A",1
3258,"A",2
3259,"A",1
3260,"A",2
3261,"A",1
3262,"A",2
3263,"A",1
3264,"A",2
3265,"A",1
3266,"A",2
3267,"A",1
3268,"A",2
3269,"A",1
3270,"A",2
3271,"A",1
3272,"A",2
3273,"A",1
3274,"A",2
3275,"A",1
3276,"A",2
3277,"A",1
3278,"A",2
3279,"A",1
3280,"A",2
3281,"A",1
3282,"A",2
3283,"A",1
3284,"A",2
3285,"A",1
3286,"A",2
3287,"A",1
3288,"A",2
3289,"A",1
3290,"A",2
3291,"A",1
3292,"A",2
3293,"A",1
3294,"A",2
3295,"A",1
3296,"A",2
3297,"A",1
3298,"A",2
3299,"A",1
3300,"A",2
3301,"A",1
3302,"A",2
3303,"A",1
3304,"A",2
3305,"A",1
3306,"A",2
3307,"A",1
3308,"A",2
3309,"A",1
3310,"A",2
3311,"A",1
3312,"A",2
3313,"A",1
3314,"A",2
3315,"A",1
3316,"A",2
3317,"A",1
3318,"A",2
3319,"A",1
3320,"A",2
3321,"A",1
3322,"A",2
3323,"A",1
3324,"A",2
3325,"A",1
3326,"A",2
3327,"A",1
3328,"A",2
3329,"A",1
3330,"A",2
3331,"A",1
3332,"A",2
3333,"A",1
3334,"A",2
3335,"A",1
3336,"A",2
3337,"A",1
3338,"A",2
3339,"A",1
3340,"A",2
3341,"A",1
3342,"A",2
3343,"A",1
3344,"A",2
3345,"A",1
3346,"A",2
3347,"A",1
3348,"A",2
3349,"A",1
3350,"A",2
3351,"A",1
3352,"A",2
3353,"A",1
3354,"A",2
3355,"A",1
3356,"A",2
3357,"A",1
3358,"A",2
3359,"A",1
3360,"A",2
3361,"A",1
3362,"A",2
3363,"A",1
3364,"A",2
3365,"A",1
3366,"A",2
3367,"A",1
3368,"A",2
3369,"A",1
3370,"A",2
3371,"A",1
3372,"A",2
3373,"A",1
3374,"A",2
3375,"A",1
3376,"A",2
3377,"A",1
3378,"A",2
3379,"A",1
3380,"A",2
3381,"A",1
3382,"A",2
3383,"A",1
3384,"A",2
3385,"A",1
3386,"A",2
3387,"A",1
3388,"A",2
3389,"A",1
3390,"A",2
3391,"A",1
3392,"A",2
3393,"A",1
3394,"A",2
3395,"A",1
3396,"A",2
3397,"A",1
3398,"A",2
3399,"A",1
3400,"A",2
3401,"A",1
3402,"A",2
3403,"A",1
3404,"A",2
3405,"A",1
3406,"A",2
3407,"A",1
3408,"A",2
3409,"A",1
3410,"A",2
3411,"A",1
3412,"A",2
3413,"A",1
3414,"A",2
3415,"A",1
3416,"A",2
3417,"A",1
3418,"A",2
3419,"A",1
3420,"A",2
3421,"A",1
3422,"A",2
3423,"A",1
3424,"A",2
3425,"A",1
3426,"A",2
3427,"A",1
3428,"A",2
3429,"A",1
3430,"A",2
3431,"A",1
3432,"A",2
3433,"A",1
3434,"A",2
3435,"A",1
3436,"A",2
3437,"A",1
3438,"A",2
3439,"A",1
3440,"A",2
3441,"A",1
3442,"A",2
3443,"A",1
3444,"A",2
3445,"A",1
3446,"A",2
3447,"A",1
3448,"A",2
3449,"A",1
3450,"A",2
3451,"A",1
3452,"A",2
3453,"A",1
3454,"A",2
3455,"A",1
3456,"A",2
3457,"A",1
3458,"A",2
3459,"A",1
3460,"A",2
3461,"A",1
3462,"A",2
3463,"A",1
3464,"A",2
3465,"A",1
3466,"A",2
3467,"A",1
3468,"A",2
3469,"A",1
3470,"A",2
3471,"A",1
3472,"A",2
3473,"A",1
3474,"A",2
3475,"A",1
3476,"A",2
3477,"A",1
3478,"A",2
3479,"A",1
3480,"A",2
3481,"A",1
3482,"A",2
3483,"A",1
3484,"A",2
3485,"A",1
3486,"A",2
3487,"A",1
3488,"A",2
3489,"A",1
3490,"A",2
3491,"A",1
3492,"A",2
3493,"A",1
3494,"A",2
3495,"A",1
3496,"A",2
3497,"A",1
3498,"A",2
3499,"A",1
3500,"A",2
3501,"A",1
3502,"A",2
3503,"A",1
3504,"A",2
3505,"A",1
3506,"A",2
3507,"A",1
3508,"A",2
3509,"A",1
3510,"A",2
3511,"A",1
3512,"A",2
3513,"A",1
3514,"A",2
3515,"A",1
3516,"A",2
3517,"A",1
3518,"A",2
3519,"A",1
3520,"A",2
3521,"A",1
3522,"A",2
3523,"A",1
3524,"A",2
3525,"A",1
3526,"A",2
3527,"A",1
3528,"A",2
3529,"A",1
3530,"A",2
3531,"A",1
3532,"A",2
3533,"A",1
3534,"A",2
3535,"A",1
3536,"A",2
3537,"A",1
3538,"A",2
3539,"A",1
3540,"A",2
3541,"A",1
3542,"A",2
3543,"A",1
3544,"A",2
3545,"A",1
3546,"A",2
3547,"A",1
3548,"A",2
3549,"A",1
3550,"A",2
3551,"A",1
3552,"A",2
3553,"A",1
3554,"A",2
3555,"A",1
3556,"A",2
3557,"A",1
3558,"A",2
3559,"A",1
3560,"A",2
3561,"A",1
3562,"A",2
3563,"A",1
3564,"A",2
3565,"A",1
3566,"A",2
3567,"A",1
3568,"A",2
3569,"A",1
3570,"A",2
3571,"A",1
3572,"A",2
3573,"A",1
3574,"A",2
3575,"A",1
3576,"A",2
3577,"A",1
3578,"A",2
3579,"A",1
3580,"A",2
3581,"A",1
3582,"A",2
3583,"A",1
3584,"A",2
3585,"A",1
3586,"A",2
3587,"A",1
3588,"A",2
3589,"A",1
3590,"A",2
3591,"A",1
3592,"A",2
3593,"A",1
3594,"A",2
3595,"A",1
3596,"A",2
3597,"A",1
3598,"A",2
3599,"A",1
3600,"A",2
3601,"A",1
3602,"A",2
3603,"A",1
3604,"A",2
3605,"A",1
3606,"A",2
3607,"A",1
3608,"A",2
3609,"A",1
3610,"A",2
3611,"A",1
3612,"A",2
3613,"A",1
3614,"A",2
3615,"A",1
3616,"A",2
3617,"A",1
3618,"A",2
3619,"A",1
3620,"A",2
3621,"A",1
3622,"A",2
3623,"A",1
3624,"A",2
3625,"A",1
3626,"A",2
3627,"A",1
3628,"A",2
3629,"A",1
3630,"A",2
3631,"A",1
3632,"A",2
3633,"A",1
3634,"A",2
3635,"A",1
3636,"A",2
3637,"A",1
3638,"A",2
3639,"A",1
3640,"A",2
3641,"A",1
3642,"A",2
3643,"A",1
3644,"A",2
3645,"A",1
3646,"A",2
3647,"A",1
3648,"A",2
3649,"A",1
3650,"A",2
3651,"A",1
3652,"A",2
3653,"A",1
3654,"A",2
3655,"A",1
3656,"A",2
3657,"A",1
3658,"A",2
3659,"A",1
3660,"A",2
3661,"A",1
3662,"A",2
3663,"A",1
3664,"A",2
3665,"A",1
3666,"A",2
3667,"A",1
3668,"A",2
3669,"A",1
3670,"A",2
3671,"A",1
3672,"A",2
3673,"A",1
3674,"A",2
3675,"A",1
3676,"A",2
3677,"A",1
3678,"A",2
3679,"A",1
3680,"A",2
3681,"A",1
3682,"A",2
3683,"A",1
3684,"A",2
3685,"A",1
3686,"A",2
3687,"A",1
3688,"A",2
3689,"A",1
3690,"A",2
3691,"A",1
3692,"A",2
3693,"A",1
3694,"A",2
3695,"A",1
3696,"A",2
3697,"A",1
3698,"A",2
3699,"A",1
3700,"A",2
3701,"A",1
3702,"A",2
3703,"A",1
3704,"A",2
3705,"A",1
3706,"A",2
3707,"A",1
3708,"A",2
3709,"A",1
3710,"A",2
3711,"A",1
3712,"A",2
3713,"A",1
3714,"A",2
3715,"A",1
3716,"A",2
3717,"A",1
3718,"A",2
3719,"A",1
3720,"A",2
3721,"A",1
3722,"A",2
3723,"A",1
3724,"A",2
3725,"A",1
3726,"A",2
3727,"A",1
3728,"A",2
3729,"A",1
3730,"A",2
3731,"A",1
3732,"A",2
3733,"A",1
3734,"A",2
3735,"A",1
3736,"A",2
3737,"A",1
3738,"A",2
3739,"A",1
3740,"A",2
3741,"A",1
3742,"A",2
3743,"A",1
3744,"A",2
3745,"A",1
3746,"A",2
3747,"A",1
3748,"A",2
3749,"A",1
3750,"A",2
3751,"A",1
3752,"A",2
3753,"A",1
3754,"A",2
3755,"A",1
3756,"A",2
3757,"A",1
3758,"A",2
3759,"A",1
3760,"A",2
3761,"A",1
3762,"A",2
3763,"A",1
3764,"A",2
3765,"A",1
3766,"A",2
3767,"A",1
3768,"A",2
3769,"A",1
3770,"A",2
3771,"A",1
3772,"A",2
3773,"A",1
3774,"A",2
3775,"A",1
3776,"A",2
3777,"A",1
3778,"A",2
3779,"A",1
3780,"A",2
3781,"A",1
3782,"A",2
3783,"A",1
3784,"A",2
3785,"A",1
3786,"A",2
3787,"A",1
3788,"A",2
3789,"A",1
3790,"A",2
3791,"A",1
3792,"A",2
3793,"A",1
3794,"A",2
3795,"A",1
3796,"A",2
3797,"A",1
3798,"A",2
3799,"A",1
3800,"A",2
3801,"A",1
3802,"A",2
3803,"A",1
3804,"A",2
3805,"A",1
3806,"A",2
3807,"A",1
3808,"A",2
3809,"A",1
3810,"A",2
3811,"A",1
3812,"A",2
3813,"A",1
3814,"A",2
3815,"A",1
3816,"A",2
3817,"A",1
3818,"A",2
3819,"A",1
3820,"A",2
3821,"A",1
3822,"A",2
3823,"A",1
3824,"A",2
3825,"A",1
3826,"A",2
3827,"A",1
3828,"A",2
3829,"A",1
3830,"A",2
3831,"A",1
3832,"A",2
3833,"A",1
3834,"A",2
3835,"A",1
3836,"A",2
3837,"A",1
3838,"A",2
3839,"A",1
3840,"A",2
3841,"A",1
3842,"A",2
3843,"A",1
3844,"A",2
3845,"A",1
3846,"A",2
3847,"A",1
3848,"A",2
3849,"A",1
3850,"A",2
3851,"A",1
3852,"A",2
3853,"A",1
3854,"A",2
3855,"A",1
3856,"A",2
3857,"A",1
3858,"A",2
3859,"A",1
3860,"A",2
3861,"A",1
3862,"A",2
3863,"A",1
3864,"A",2
3865,"A",1
3866,"A",2
3867,"A",1
3868,"A",2
3869,"A",1
3870,"A",2
3871,"A",1
3872,"A",2
3873,"A",1
3874,"A",2
3875,"A",1
3876,"A",2
3877,"A",1
3878,"A",2
3879,"A",1
3880,"A",2
3881,"A",1
3882,"A",2
3883,"A",1
3884,"A",2
3885,"A",1
3886,"A",2
3887,"A",1
3888,"A",2
3889,"A",1
3890,"A",2
3891,"A",1
3892,"A",2
3893,"A",1
3894,"A",2
3895,"A",1
3896,"A",2
3897,"A",1
3898,"A",2
3899,"A",1
3900,"A",2
3901,"A",1
3902,"A",2
3903,"A",1
3904,"A",2
3905,"A",1
3906,"A",2
3907,"A",1
3908,"A",2
3909,"A",1
3910,"A",2
3911,"A",1
3912,"A",2
3913,"A",1
3914,"A",2
3915,"A",1
3916,"A",2
3917,"A",1
3918,"A",2
3919,"A",1
3920,"A",2
3921,"A",1
3922,"A",2
3923,"A",1
3924,"A",2
3925,"A",1
3926,"A",2
3927,"A",1
3928,"A",2
3929,"A",1
3930,"A",2
3931,"A",1
3932,"A",2
3933,"A",1
3934,"A",2
3935,"A",1
3936,"A",2
3937,"A",1
3938,"A",2
3939,"A",1
3940,"A",2
3941,"A",1
3942,"A",2
3943,"A",1
3944,"A",2
3945,"A",1
3946,"A",2
3947,"A",1
3948,"A",2
3949,"A",1
3950,"A",2
3951,"A",1
3952,"A",2
3953,"A",1
3954,"A",2
3955,"A",1
3956,"A",2
3957,"A",1
3958,"A",2
3959,"A",1
3960,"A",2
3961,"A",1
3962,"A",2
3963,"A",1
3964,"A",2
3965,"A",1
3966,"A",2
3967,"A",1
3968,"A",2
3969,"A",1
3970,"A",2
3971,"A",1
3972,"A",2
3973,"A",1
3974,"A",2
3975,"A",1
3976,"A",2
3977,"A",1
3978,"A",2
3979,"A",1
3980,"A",2
3981,"A",1
3982,"A",2
3983,"A",1
3984,"A",2
3985,"A",1
3986,"A",2
3987,"A",1
3988,"A",2
3989,"A",1
3990,"A",2
3991,"A",1
3992,"A",2
3993,"A",1
3994,"A",2
3995,"A",1
3996,"A",2
3997,"A",1
3998,"A",2
3999,"A",1
4000,"A",2
4001,"A",1
4002,"A",2
4003,"A",1
4004,"A",2
4005,"A",1
4006,"A",2
4007,"A",1
4008,"A",2
4009,"A",1
4010,"A",2
4011,"A",1
4012,"A",2
4013,"A",1
4014,"A",2
4015,"A",1
4016,"A",2
4017,"A",1
4018,"A",2
4019,"A",1
4020,"A",2
4021,"A",1
4022,"A",2
4023,"A",1
4024,"A",2
4025,"A",1
4026,"A",2
4027,"A",1
4028,"A",2
4029,"A",1
4030,"A",2
4031,"A",1
4032,"A",2
4033,"A",1
4034,"A",2
4035,"A",1
4036,"A",2
4037,"A",1
4038,"A",2
4039,"A",1
4040,"A",2
4041,"A",1
4042,"A",2
4043,"A",1
4044,"A",2
4045,"A",1
4046,"A",2
4047,"A",1
4048,"A",2
4049,"A",1
4050,"A",2
4051,"A",1
4052,"A",2
4053,"A",1
4054,"A",2
4055,"A",1
4056,"A",2
4057,"A",1
4058,"A",2
4059,"A",1
4060,"A",2
4061,"A",1
4062,"A",2
4063,"A",1
4064,"A",2
4065,"A",1
4066,"A",2
4067,"A",1
4068,"A",2
4069,"A",1
4070,"A",2
4071,"A",1
4072,"A",2
4073,"A",1
4074,"A",2
4075,"A",1
4076,"A",2
4077,"A",1
4078,"A",2
4079,"A",1
4080,"A",2
4081,"A",1
4082,"A",2
4083,"A",1
4084,"A",2
4085,"A",1
4086,"A",2
4087,"A",1
4088,"A",2
4089,"A",1
4090,"A",2
4091,"A",1
4092,"A",2
4093,"A",1
4094,"A",2
4095,"A",1
4096,"A",2
4097,"A",1
4098,"A",2
4099,"A",1
4100,"A",2
4101,"A",1
4102,"A",2
4103,"A",1
4104,"A",2
4105,"A",1
4106,"A",2
4107,"A",1
4108,"A",2
4109,"A",1
4110,"A",2
4111,"A",1
4112,"A",2
4113,"A",1
4114,"A",2
4115,"A",1
4116,"A",2
4117,"A",1
4118,"A",2
4119,"A",1
4120,"A",2
4121,"A",1
4122,"A",2
4123,"A",1
4124,"A",2
4125,"A",1
4126,"A",2
4127,"A",1
4128,"A",2
4129,"A",1
4130,"A",2
4131,"A",1
4132,"A",2
4133,"A",1
4134,"A",2
4135,"A",1
4136,"A",2
4137,"A",1
4138,"A",2
4139,"A",1
4140,"A",2
4141,"A",1
4142,"A",2
4143,"A",1
4144,"A",2
4145,"A",1
4146,"A",2
4147,"A",1
4148,"A",2
4149,"A",1
4150,"A",2
4151,"A",1
4152,"A",2
4153,"A",1
4154,"A",2
4155,"A",1
4156,"A",2
4157,"A",1
4158,"A",2
4159,"A",1
4160,"A",2
4161,"A",1
4162,"A",2
4163,"A",1
4164,"A",2
4165,"A",1
4166,"A",2
4167,"A",1
4168,"A",2
4169,"A",1
4170,"A",2
4171,"A",1
4172,"A",2
4173,"A",1
4174,"A",2
4175,"A",1
4176,"A",2
4177,"A",1
4178,"A",2
4179,"A",1
4180,"A",2
4181,"A",1
4182,"A",2
4183,"A",1
4184,"A",2
4185,"A",1
4186,"A",2
4187,"A",1
4188,"A",2
4189,"A",1
4190,"A",2
4191,"A",1
4192,"A",2
4193,"A",1
4194,"A",2
4195,"A",1
4196,"A",2
4197,"A",1
4198,"A",2
4199,"A",1
4200,"A",2
4201,"A",1
4202,"A",2
4203,"A",1
4204,"A",2
4205,"A",1
4206,"A",2
4207,"A",1
4208,"A",2
4209,"A",1
4210,"A",2
4211,"A",1
4212,"A",2
4213,"A",1
4214,"A",2
4215,"A",1
4216,"A",2
4217,"A",1
4218,"A",2
4219,"A",1
4220,"A",2
4221,"A",1
4222,"A",2
4223,"A",1
4224,"A",2
4225,"A",1
4226,"A",2
4227,"A",1
4228,"A",2
4229,"A",1
4230,"A",2
4231,"A",1
4232,"A",2
4233,"A",1
4234,"A",2
4235,"A",1
4236,"A",2
4237,"A",1
4238,"A",2
4239,"A",1
4240,"A",2
4241,"A",1
4242,"A",2
4243,"A",1
4244,"A",2
4245,"A",1
4246,"A",2
4247,"A",1
4248,"A",2
4249,"A",1
4250,"A",2
4251,"A",1
4252,"A",2
4253,"A",1
4254,"A",2
4255,"A",1
4256,"A",2
4257,"A",1
4258,"A",2
4259,"A",1
4260,"A",2
4261,"A",1
4262,"A",2
4263,"A",1
4264,"A",2
4265,"A",1
4266,"A",2
4267,"A",1
4268,"A",2
4269,"A",1
4270,"A",2
4271,"A",1
4272,"A",2
4273,"A",1
4274,"A",2
4275,"A",1
4276,"A",2
4277,"A",1
4278,"A",2
4279,"A",1
4280,"A",2
4281,"A",1
4282,"A",2
4283,"A",1
4284,"A",2
4285,"A",1
4286,"A",2
4287,"A",1
4288,"A",2
4289,"A",1
4290,"A",2
4291,"A",1
4292,"A",2
4293,"A",1
4294,"A",2
4295,"A",1
4296,"A",2
4297,"A",1
4298,"A",2
4299,"A",1
4300,"A",2
4301,"A",1
4302,"A",2
4303,"A",1
4304,"A",2
4305,"A",1
4306,"A",2
4307,"A",1
4308,"A",2
4309,"A",1
4310,"A",2
4311,"A",1
4312,"A",2
4313,"A",1
4314,"A",2
4315,"A",1
4316,"A",2
4317,"A",1
4318,"A",2
4319,"A",1
4320,"A",2
4321,"A",1
4322,"A",2
4323,"A",1
4324,"A",2
4325,"A",1
4326,"A",2
4327,"A",1
4328,"A",2
4329,"A",1
4330,"A",2
4331,"A",1
4332,"A",2
4333,"A",1
4334,"A",2
4335,"A",1
4336,"A",2
4337,"A",1
4338,"A",2
4339,"A",1
4340,"A",2
4341,"A",1
4342,"A",2
4343,"A",1
4344,"A",2
4345,"A",1
4346,"A",2
4347,"A",1
4348,"A",2
4349,"A",1
4350,"A",2
4351,"A",1
4352,"A",2
4353,"A",1
4354,"A",2
4355,"A",1
4356,"A",2
4357,"A",1
4358,"A",2
4359,"A",1
4360,"A",2
4361,"A",1
4362,"A",2
4363,"A",1
4364,"A",2
4365,"A",1
4366,"A",2
4367,"A",1
4368,"A",2
4369,"A",1
4370,"A",2
4371,"A",1
4372,"A",2
4373,"A",1
4374,"A",2
4375,"A",1
4376,"A",2
4377,"A",1
4378,"A",2
4379,"A",1
4380,"A",2
4381,"A",1
4382,"A",2
4383,"A",1
4384,"A",2
4385,"A",1
4386,"A",2
4387,"A",1
4388,"A",2
4389,"A",1
4390,"A",2
4391,"A",1
4392,"A",2
4393,"A",1
4394,"A",2
4395,"A",1
4396,"A",2
4397,"A",1
4398,"A",2
4399,"A",1
4400,"A",2
4401,"A",1
4402,"A",2
4403,"A",1
4404,"A",2
4405,"A",1
4406,"A",2
4407,"A",1
4408,"A",2
4409,"A",1
4410,"A",2
4411,"A",1
4412,"A",2
4413,"A",1
4414,"A",2
4415,"A",1
4416,"A",2
4417,"A",1
4418,"A",2
4419,"A",1
4420,"A",2
4421,"A",1
4422,"A",2
4423,"A",1
4424,"A",2
4425,"A",1
4426,"A",2
4427,"A",1
4428,"A",2
4429,"A",1
4430,"A",2
4431,"A",1
4432,"A",2
4433,"A",1
4434,"A",2
4435,"A",1
4436,"A",2
4437,"A",1
4438,"A",2
4439,"A",1
4440,"A",2
4441,"A",1
4442,"A",2
4443,"A",1
4444,"A",2
4445,"A",1
4446,"A",2
4447,"A",1
4448,"A",2
4449,"A",1
4450,"A",2
4451,"A",1
4452,"A",2
4453,"A",1
4454,"A",2
4455,"A",1
4456,"A",2
4457,"A",1
4458,"A",2
4459,"A",1
4460,"A",2
4461,"A",1
4462,"A",2
4463,"A",1
4464,"A",2
4465,"A",1
4466,"A",2
4467,"A",1
4468,"A",2
4469,"A",1
4470,"A",2
4471,"A",1
4472,"A",2
4473,"A",1
4474,"A",2
4475,"A",1
4476,"A",2
4477,"A",1
4478,"A",2
4479,"A",1
4480,"A",2
4481,"A",1
4482,"A",2
4483,"A",1
4484,"A",2
4485,"A",1
4486,"A",2
4487,"A",1
4488,"A",2
4489,"A",1
4490,"A",2
4491,"A",1
4492,"A",2
4493,"A",1
4494,"A",2
4495,"A",1
4496,"A",2
4497,"A",1
4498,"A",2
4499,"A",1
4500,"A",2
4501,"A",1
4502,"A",2
4503,"A",1
4504,"A",2
4505,"A",1
4506,"A",2
4507,"A",1
4508,"A",2
4509,"A",1
4510,"A",2
4511,"A",1
4512,"A",2
4513,"A",1
4514,"A",2
4515,"A",1
4516,"A",2
4517,"A",1
4518,"A",2
4519,"A",1
4520,"A",2
4521,"A",1
4522,"A",2
4523,"A",1
4524,"A",2
4525,"A",1
4526,"A",2
4527,"A",1
4528,"A",2
4529,"A",1
4530,"A",2
4531,"A",1
4532,"A",2
4533,"A",1
4534,"A",2
4535,"A",1
4536,"A",2
4537,"A",1
4538,"A",2
4539,"A",1
4540,"A",2
4541,"A",1
4542,"A",2
4543,"A",1
4544,"A",2
4545,"A",1
4546,"A",2
4547,"A",1
4548,"A",2
4549,"A",1
4550,"A",2
4551,"A",1
4552,"A",2
4553,"A",1
4554,"A",2
4555,"A",1
4556,"A",2
4557,"A",1
4558,"A",2
4559,"A",1
4560,"A",2
4561,"A",1
4562,"A",2
4563,"A",1
4564,"A",2
4565,"A",1
4566,"A",2
4567,"A",1
4568,"A",2
4569,"A",1
4570,"A",2
4571,"A",1
4572,"A",2
4573,"A",1
4574,"A",2
4575,"A",1
4576,"A",2
4577,"A",1
4578,"A",2
4579,"A",1
4580,"A",2
4581,"A",1
4582,"A",2
4583,"A",1
4584,"A",2
4585,"A",1
4586,"A",2
4587,"A",1
4588,"A",2
4589,"A",1
4590,"A",2
4591,"A",1
4592,"A",2
4593,"A",1
4594,"A",2
4595,"A",1
4596,"A",2
4597,"A",1
4598,"A",2
4599,"A",1
4600,"A",2
4601,"A",1
4602,"A",2
4603,"A",1
4604,"A",2
4605,"A",1
4606,"A",2
4607,"A",1
4608,"A",2
4609,"A",1
4610,"A",2
4611,"A",1
4612,"A",2
4613,"A",1
4614,"A",2
4615,"A",1
4616,"A",2
4617,"A",1
4618,"A",2
4619,"A",1
4620,"A",2
4621,"A",1
4622,"A",2
4623,"A",1
4624,"A",2
4625,"A",1
4626,"A",2
4627,"A",1
4628,"A",2
4629,"A",1
4630,"A",2
4631,"A",1
4632,"A",2
4633,"A",1
4634,"A",2
4635,"A",1
4636,"A",2
4637,"A",1
4638,"A",2
4639,"A",1
4640,"A",2
4641,"A",1
4642,"A",2
4643,"A",1
4644,"A",2
4645,"A",1
4646,"A",2
4647,"A",1
4648,"A",2
4649,"A",1
4650,"A",2
4651,"A",1
4652,"A",2
4653,"A",1
4654,"A",2
4655,"A",1
4656,"A",2
4657,"A",1
4658,"A",2
4659,"A",1
4660,"A",2
4661,"A",1
4662,"A",2
4663,"A",1
4664,"A",2
4665,"A",1
4666,"A",2
4667,"A",1
4668,"A",2
4669,"A",1
4670,"A",2
4671,"A",1
4672,"A",2
4673,"A",1
4674,"A",2
4675,"A",1
4676,"A",2
4677,"A",1
4678,"A",2
4679,"A",1
4680,"A",2
4681,"A",1
4682,"A",2
4683,"A",1
4684,"A",2
4685,"A",1
4686,"A",2
4687,"A",1
4688,"A",2
4689,"A",1
4690,"A",2
4691,"A",1
4692,"A",2
4693,"A",1
4694,"A",2
4695,"A",1
4696,"A",2
4697,"A",1
4698,"A",2
4699,"A",1
4700,"A",2
4701,"A",1
4702,"A",2
4703,"A",1
4704,"A",2
4705,"A",1
4706,"A",2
4707,"A",1
4708,"A",2
4709,"A",1
4710,"A",2
4711,"A",1
4712,"A",2
4713,"A",1
4714,"A",2
4715,"A",1
4716,"A",2
4717,"A",1
4718,"A",2
4719,"A",1
4720,"A",2
4721,"A",1
4722,"A",2
4723,"A",1
4724,"A",2
4725,"A",1
4726,"A",2
4727,"A",1
4728,"A",2
4729,"A",1
4730,"A",2
4731,"A",1
4732,"A",2
4733,"A",1
4734,"A",2
4735,"A",1
4736,"A",2
4737,"A",1
4738,"A",2
4739,"A",1
4740,"A",2
4741,"A",1
4742,"A",2
4743,"A",1
4744,"A",2
4745,"A",1
4746,"A",2
4747,"A",1
4748,"A",2
4749,"A",1
4750,"A",2
4751,"A",1
4752,"A",2
4753,"A",1
4754,"A",2
4755,"A",1
4756,"A",2
4757,"A",1
4758,"A",2
4759,"A",1
4760,"A",2
4761,"A",1
4762,"A",2
4763,"A",1
4764,"A",2
4765,"A",1
4766,"A",2
4767,"A",1
4768,"A",2
4769,"A",1
4770,"A",2
4771,"A",1
4772,"A",2
4773,"A",1
4774,"A",2
4775,"A",1
4776,"A",2
4777,"A",1
4778,"A",2
4779,"A",1
4780,"A",2
4781,"A",1
4782,"A",2
4783,"A",1
4784,"A",2
4785,"A",1
4786,"A",2
4787,"A",1
4788,"A",2
4789,"A",1
4790,"A",2
4791,"A",1
4792,"A",2
4793,"A",1
4794,"A",2
4795,"A",1
4796,"A",2
4797,"A",1
4798,"A",2
4799,"A",1
4800,"A",2
4801,"A",1
4802,"A",2
4803,"A",1
4804,"A",2
4805,"A",1
4806,"A",2
4807,"A",1
4808,"A",2
4809,"A",1
4810,"A",2
4811,"A",1
4812,"A",2
4813,"A",1
4814,"A",2
4815,"A",1
4816,"A",2
4817,"A",1
4818,"A",2
4819,"A",1
4820,"A",2
4821,"A",1
4822,"A",2
4823,"A",1
4824,"A",2
4825,"A",1
4826,"A",2
4827,"A",1
4828,"A",2
4829,"A",1
4830,"A",2
4831,"A",1
4832,"A",2
4833,"A",1
4834,"A",2
4835,"A",1
4836,"A",2
4837,"A",1
4838,"A",2
4839,"A",1
4840,"A",2
4841,"A",1
4842,"A",2
4843,"A",1
4844,"A",2
4845,"A",1
4846,"A",2
4847,"A",1
4848,"A",2
4849,"A",1
4850,"A",2
4851,"A",1
4852,"A",2
4853,"A",1
4854,"A",2
4855,"A",1
4856,"A",2
4857,"A",1
4858,"A",2
4859,"A",1
4860,"A",2
4861,"A",1
4862,"A",2
4863,"A",1
4864,"A",2
4865,"A",1
4866,"A",2
4867,"A",1
4868,"A",2
4869,"A",1
4870,"A",2
4871,"A",1
4872,"A",2
4873,"A",1
4874,"A",2
4875,"A",1
4876,"A",2
4877,"A",1
4878,"A",2
4879,"A",1
4880,"A",2
4881,"A",1
4882,"A",2
4883,"A",1
4884,"A",2
4885,"A",1
4886,"A",2
4887,"A",1
4888,"A",2
4889,"A",1
4890,"A",2
4891,"A",1
4892,"A",2
4893,"A",1
4894,"A",2
4895,"A",1
4896,"A",2
4897,"A",1
4898,"A",2
4899,"A",1
4900,"A",2
4901,"A",1
4902,"A",2
4903,"A",1
4904,"A",2
4905,"A",1
4906,"A",2
4907,"A",1
4908,"A",2
4909,"A",1
4910,"A",2
4911,"A",1
4912,"A",2
4913,"A",1
4914,"A",2
4915,"A",1
4916,"A",2
4917,"A",1
4918,"A",2
4919,"A",1
4920,"A",2
4921,"A",1
4922,"A",2
4923,"A",1
4924,"A",2
4925,"A",1
4926,"A",2
4927,"A",1
4928,"A",2
4929,"A",1
4930,"A",2
4931,"A",1
4932,"A",2
4933,"A",1
4934,"A",2
4935,"A",1
4936,"A",2
4937,"A",1
4938,"A",2
4939,"A",1
4940,"A",2
4941,"A",1
4942,"A",2
4943,"A",1
4944,"A",2
4945,"A",1
4946,"A",2
4947,"A",1
4948,"A",2
4949,"A",1
4950,"A",2
4951,"A",1
4952,"A",2
4953,"A",1
4954,"A",2
4955,"A",1
4956,"A",2
4957,"A",1
4958,"A",2
4959,"A",1
4960,"A",2
4961,"A",1
4962,"A",2
4963,"A",1
4964,"A",2
4965,"A",1
4966,"A",2
4967,"A",1
4968,"A",2
4969,"A",1
4970,"A",2
4971,"A",1
4972,"A",2
4973,"A",1
4974,"A",2
4975,"A",1
4976,"A",2
4977,"A",1
4978,"A",2
4979,"A",1
4980,"A",2
4981,"A",1
4982,"A",2
4983,"A",1
4984,"A",2
4985,"A",1
4986,"A",2
4987,"A",1
4988,"A",2
4989,"A",1
4990,"A",2
4991,"A",1
4992,"A",2
4993,"A",1
4994,"A",2
4995,"A",1
4996,"A",2
4997,"A",1
4998,"A",2
4999,"A",1
5000,"A",2
5001,"A",1
5002,"A",2
5003,"A",1
5004,"A",2
5005,"A",1
5006,"A",2
5007,"A",1
5008,"A",2
5009,"A",1
5010,"A",2
5011,"A",1
5012,"A",2
5013,"A",1
5014,"A",2
5015,"A",1
5016,"A",2
5017,"A",1
5018,"A",2
5019,"A",1
5020,"A",2
5021,"A",1
5022,"A",2
5023,"A",1
5024,"A",2
5025,"A",1
5026,"A",2
5027,"A",1
5028,"A",2
5029,"A",1
5030,"A",2
5031,"A",1
5032,"A",2
5033,"A",1
5034,"A",2
5035,"A",1
5036,"A",2
5037,"A",1
5038,"A",2
5039,"A",1
5040,"A",2
5041,"A",1
5042,"A",2
5043,"A",1
5044,"A",2
5045,"A",1
5046,"A",2
5047,"A",1
5048,"A",2
5049,"A",1
5050,"A",2
5051,"A",1
5052,"A",2
5053,"A",1
5054,"A",2
5055,"A",1
5056,"A",2
5057,"A",1
5058,"A",2
5059,"A",1
5060,"A",2
5061,"A",1
5062,"A",2
5063,"A",1
5064,"A",2
5065,"A",1
5066,"A",2
5067,"A",1
5068,"A",2
5069,"A",1
5070,"A",2
5071,"A",1
5072,"A",2
5073,"A",1
5074,"A",2
5075,"A",1
5076,"A",2
5077,"A",1
5078,"A",2
5079,"A",1
5080,"A",2
5081,"A",1
5082,"A",2
5083,"A",1
5084,"A",2
5085,"A",1
5086,"A",2
5087,"A",1
5088,"A",2
5089,"A",1
5090,"A",2
5091,"A",1
5092,"A",2
5093,"A",1
5094,"A",2
5095,"A",1
5096,"A",2
5097,"A",1
5098,"A",2
5099,"A",1
5100,"A",2
5101,"A",1
5102,"A",2
5103,"A",1
5104,"A",2
5105,"A",1
5106,"A",2
5107,"A",1
5108,"A",2
5109,"A",1
5110,"A",2
5111,"A",1
5112,"A",2
5113,"A",1
5114,"A",2
5115,"A",1
5116,"A",2
5117,"A",1
5118,"A",2
5119,"A",1
5120,"A",2
5121,"A",1
5122,"A",2
5123,"A",1
5124,"A",2
5125,"A",1
5126,"A",2
5127,"A",1
5128,"A",2
5129,"A",1
5130,"A",2
5131,"A",1
5132,"A",2
5133,"A",1
5134,"A",2
5135,"A",1
5136,"A",2
5137,"A",1
5138,"A",2
5139,"A",1
5140,"A",2
5141,"A",1
5142,"A",2
5143,"A",1
5144,"A",2
5145,"A",1
5146,"A",2
5147,"A",1
5148,"A",2
5149,"A",1
5150,"A",2
5151,"A",1
5152,"A",2
5153,"A",1
5154,"A",2
5155,"A",1
5156,"A",2
5157,"A",1
5158,"A",2
5159,"A",1
5160,"A",2
5161,"A",1
5162,"A",2
5163,"A",1
5164,"A",2
5165,"A",1
5166,"A",2
5167,"A",1
5168,"A",2
5169,"A",1
5170,"A",2
5171,"A",1
5172,"A",2
5173,"A",1
5174,"A",2
5175,"A",1
5176,"A",2
5177,"A",1
5178,"A",2
5179,"A",1
5180,"A",2
5181,"A",1
5182,"A",2
5183,"A",1
5184,"A",2
5185,"A",1
5186,"A",2
5187,"A",1
5188,"A",2
5189,"A",1
5190,"A",2
5191,"A",1
5192,"A",2
5193,"A",1
5194,"A",2
5195,"A",1
5196,"A",2
5197,"A",1
5198,"A",2
5199,"A",1
5200,"A",2
5201,"A",1
5202,"A",2
5203,"A",1
5204,"A",2
5205,"A",1
5206,"A",2
5207,"A",1
5208,"A",2
5209,"A",1
5210,"A",2
5211,"A",1
5212,"A",2
5213,"A",1
5214,"A",2
5215,"A",1
5216,"A",2
5217,"A",1
5218,"A",2
5219,"A",1
5220,"A",2
5221,"A",1
5222,"A",2
5223,"A",1
5224,"A",2
5225,"A",1
5226,"A",2
5227,"A",1
5228,"A",2
5229,"A",1
5230,"A",2
5231,"A",1
5232,"A",2
5233,"A",1
5234,"A",2
5235,"A",1
5236,"A",2
5237,"A",1
5238,"A",2
5239,"A",1
5240,"A",2
5241,"A",1
5242,"A",2
5243,"A",1
5244,"A",2
5245,"A",1
5246,"A",2
5247,"A",1
5248,"A",2
5249,"A",1
5250,"A",2
5251,"A",1
5252,"A",2
5253,"A",1
5254,"A",2
5255,"A",1
5256,"A",2
5257,"A",1
5258,"A",2
5259,"A",1
5260,"A",2
5261,"A",1
5262,"A",2
5263,"A",1
5264,"A",2
5265,"A",1
5266,"A",2
5267,"A",1
5268,"A",2
5269,"A",1
5270,"A",2
5271,"A",1
5272,"A",2
5273,"A",1
5274,"A",2
5275,"A",1
5276,"A",2
5277,"A",1
5278,"A",2
5279,"A",1
5280,"A",2
5281,"A",1
5282,"A",2
5283,"A",1
5284,"A",2
5285,"A",1
5286,"A",2
5287,"A",1
5288,"A",2
5289,"A",1
5290,"A",2
5291,"A",1
5292,"A",2
5293,"A",1
5294,"A",2
5295,"A",1
5296,"A",2
5297,"A",1
5298,"A",2
5299,"A",1
5300,"A",2
5301,"A",1
5302,"A",2
5303,"A",1
5304,"A",2
5305,"A",1
5306,"A",2
5307,"A",1
5308,"A",2
5309,"A",1
5310,"A",2
5311,"A",1
5312,"A",2
5313,"A",1
5314,"A",2
5315,"A",1
5316,"A",2
5317,"A",1
5318,"A",2
5319,"A",1
5320,"A",2
5321,"A",1
5322,"A",2
5323,"A",1
5324,"A",2
5325,"A",1
5326,"A",2
5327,"A",1
5328,"A",2
5329,"A",1
5330,"A",2
5331,"A",1
5332,"A",2
5333,"A",1
5334,"A",2
5335,"A",1
5336,"A",2
5337,"A",1
5338,"A",2
5339,"A",1
5340,"A",2
5341,"A",1
5342,"A",2
5343,"A",1
5344,"A",2
5345,"A",1
5346,"A",2
5347,"A",1
5348,"A",2
5349,"A",1
5350,"A",2
5351,"A",1
5352,"A",2
5353,"A",1
5354,"A",2
5355,"A",1
5356,"A",2
5357,"A",1
5358,"A",2
5359,"A",1
5360,"A",2
5361,"A",1
5362,"A",2
5363,"A",1
5364,"A",2
5365,"A",1
5366,"A",2
5367,"A",1
5368,"A",2
5369,"A",1
5370,"A",2
5371,"A",1
5372,"A",2
5373,"A",1
5374,"A",2
5375,"A",1
5376,"A",2
5377,"A",1
5378,"A",2
5379,"A",1
5380,"A",2
5381,"A",1
5382,"A",2
5383,"A",1
5384,"A",2
5385,"A",1
5386,"A",2
5387,"A",1
5388,"A",2
5389,"A",1
5390,"A",2
5391,"A",1
5392,"A",2
5393,"A",1
5394,"A",2
5395,"A",1
5396,"A",2
5397,"A",1
5398,"A",2
5399,"A",1
5400,"A",2
5401,"A",1
5402,"A",2
5403,"A",1
5404,"A",2
5405,"A",1
5406,"A",2
5407,"A",1
5408,"A",2
5409,"A",1
5410,"A",2
5411,"A",1
5412,"A",2
5413,"A",1
5414,"A",2
5415,"A",1
5416,"A",2
5417,"A",1
5418,"A",2
5419,"A",1
5420,"A",2
5421,"A",1
5422,"A",2
5423,"A",1
5424,"A",2
5425,"A",1
5426,"A",2
5427,"A",1
5428,"A",2
5429,"A",1
5430,"A",2
5431,"A",1
5432,"A",2
5433,"A",1
5434,"A",2
5435,"A",1
5436,"A",2
5437,"A",1
5438,"A",2
5439,"A",1
5440,"A",2
5441,"A",1
5442,"A",2
5443,"A",1
5444,"A",2
5445,"A",1
5446,"A",2
5447,"A",1
5448,"A",2
5449,"A",1
5450,"A",2
5451,"A",1
5452,"A",2
5453,"A",1
5454,"A",2
5455,"A",1
5456,"A",2
5457,"A",1
5458,"A",2
5459,"A",1
5460,"A",2
5461,"A",1
5462,"A",2
5463,"A",1
5464,"A",2
5465,"A",1
5466,"A",2
5467,"A",1
5468,"A",2
5469,"A",1
5470,"A",2
5471,"A",1
5472,"A",2
5473,"A",1
5474,"A",2
5475,"A",1
5476,"A",2
5477,"A",1
5478,"A",2
5479,"A",1
5480,"A",2
5481,"A",1
5482,"A",2
5483,"A",1
5484,"A",2
5485,"A",1
5486,"A",2
5487,"A",1
5488,"A",2
5489,"A",1
5490,"A",2
5491,"A",1
5492,"A",2
5493,"A",1
5494,"A",2
5495,"A",1
5496,"A",2
5497,"A",1
5498,"A",2
5499,"A",1
5500,"A",2
5501,"A",1
5502,"A",2
5503,"A",1
5504,"A",2
5505,"A",1
5506,"A",2
5507,"A",1
5508,"A",2
5509,"A",1
5510,"A",2
5511,"A",1
5512,"A",2
5513,"A",1
5514,"A",2
5515,"A",1
5516,"A",2
5517,"A",1
5518,"A",2
5519,"A",1
5520,"A",2
5521,"A",1
5522,"A",2
5523,"A",1
5524,"A",2
5525,"A",1
5526,"A",2
5527,"A",1
5528,"A",2
5529,"A",1
5530,"A",2
5531,"A",1
5532,"A",2
5533,"A",1
5534,"A",2
5535,"A",1
5536,"A",2
5537,"A",1
5538,"A",2
5539,"A",1
5540,"A",2
5541,"A",1
5542,"A",2
5543,"A",1
5544,"A",2
5545,"A",1
5546,"A",2
5547,"A",1
5548,"A",2
5549,"A",1
5550,"A",2
5551,"A",1
5552,"A",2
5553,"A",1
5554,"A",2
5555,"A",1
5556,"A",2
5557,"A",1
5558,"A",2
5559,"A",1
5560,"A",2
5561,"A",1
5562,"A",2
5563,"A",1
5564,"A",2
5565,"A",1
5566,"A",2
5567,"A",1
5568,"A",2
5569,"A",1
5570,"A",2
5571,"A",1
5572,"A",2
5573,"A",1
5574,"A",2
5575,"A",1
5576,"A",2
5577,"A",1
5578,"A",2
5579,"A",1
5580,"A",2
5581,"A",1
5582,"A",2
5583,"A",1
5584,"A",2
5585,"A",1
5586,"A",2
5587,"A",1
5588,"A",2
5589,"A",1
5590,"A",2
5591,"A",1
5592,"A",2
5593,"A",1
5594,"A",2
5595,"A",1
5596,"A",2
5597,"A",1
5598,"A",2
5599,"A",1
5600,"A",2
5601,"A",1
5602,"A",2
5603,"A",1
5604,"A",2
5605,"A",1
5606,"A",2
5607,"A",1
5608,"A",2
5609,"A",1
5610,"A",2
5611,"A",1
5612,"A",2
5613,"A",1
5614,"A",2
5615,"A",1
5616,"A",2
5617,"A",1
5618,"A",2
5619,"A",1
5620,"A",2
5621,"A",1
5622,"A",2
5623,"A",1
5624,"A",2
5625,"A",1
5626,"A",2
5627,"A",1
5628,"A",2
5629,"A",1
5630,"A",2
5631,"A",1
5632,"A",2
5633,"A",1
5634,"A",2
5635,"A",1
5636,"A",2
5637,"A",1
5638,"A",2
5639,"A",1
5640,"A",2
5641,"A",1
5642,"A",2
5643,"A",1
5644,"A",2
5645,"A",1
5646,"A",2
5647,"A",1
5648,"A",2
5649,"A",1
5650,"A",2
5651,"A",1
5652,"A",2
5653,"A",1
5654,"A",2
5655,"A",1
5656,"A",2
5657,"A",1
5658,"A",2
5659,"A",1
5660,"A",2
5661,"A",1
5662,"A",2
5663,"A",1
5664,"A",2
5665,"A",1
5666,"A",2
5667,"A",1
5668,"A",2
5669,"A",1
5670,"A",2
5671,"A",1
5672,"A",2
5673,"A",1
5674,"A",2
5675,"A",1
5676,"A",2
5677,"A",1
5678,"A",2
5679,"A",1
5680,"A",2
5681,"A",1
5682,"A",2
5683,"A",1
5684,"A",2
5685,"A",1
5686,"A",2
5687,"A",1
5688,"A",2
5689,"A",1
5690,"A",2
5691,"A",1
5692,"A",2
5693,"A",1
5694,"A",2
5695,"A",1
5696,"A",2
5697,"A",1
5698,"A",2
5699,"A",1
5700,"A",2
5701,"A",1
5702,"A",2
5703,"A",1
5704,"A",2
5705,"A",1
5706,"A",2
5707,"A",1
5708,"A",2
5709,"A",1
5710,"A",2
5711,"A",1
5712,"A",2
5713,"A",1
5714,"A",2
5715,"A",1
5716,"A",2
5717,"A",1
5718,"A",2
5719,"A",1
5720,"A",2
5721,"A",1
5722,"A",2
5723,"A",1
5724,"A",2
5725,"A",1
5726,"A",2
5727,"A",1
5728,"A",2
5729,"A",1
5730,"A",2
5731,"A",1
5732,"A",2
5733,"A",1
5734,"A",2
5735,"A",1
5736,"A",2
5737,"A",1
5738,"A",2
5739,"A",1
5740,"A",2
5741,"A",1
5742,"A",2
5743,"A",1
5744,"A",2
5745,"A",1
5746,"A",2
5747,"A",1
5748,"A",2
5749,"A",1
5750,"A",2
5751,"A",1
5752,"A",2
5753,"A",1
5754,"A",2
5755,"A",1
5756,"A",2
5757,"A",1
5758,"A",2
5759,"A",1
5760,"A",2
5761,"A",1
5762,"A",2
5763,"A",1
5764,"A",2
5765,"A",1
5766,"A",2
5767,"A",1
5768,"A",2
5769,"A",1
5770,"A",2
5771,"A",1
5772,"A",2
5773,"A",1
5774,"A",2
5775,"A",1
5776,"A",2
5777,"A",1
5778,"A",2
5779,"A",1
5780,"A",2
5781,"A",1
5782,"A",2
5783,"A",1
5784,"A",2
5785,"A",1
5786,"A",2
5787,"A",1
5788,"A",2
5789,"A",1
5790,"A",2
5791,"A",1
5792,"A",2
5793,"A",1
5794,"A",2
5795,"A",1
5796,"A",2
5797,"A",1
5798,"A",2
5799,"A",1
5800,"A",2
5801,"A",1
5802,"A",2
5803,"A",1
5804,"A",2
5805,"A",1
5806,"A",2
5807,"A",1
5808,"A",2
5809,"A",1
5810,"A",2
5811,"A",1
5812,"A",2
5813,"A",1
5814,"A",2
5815,"A",1
5816,"A",2
5817,"A",1
5818,"A",2
5819,"A",1
5820,"A",2
5821,"A",1
5822,"A",2
5823,"A",1
5824,"A",2
5825,"A",1
5826,"A",2
5827,"A",1
5828,"A",2
5829,"A",1
5830,"A",2
5831,"A",1
5832,"A",2
5833,"A",1
5834,"A",2
5835,"A",1
5836,"A",2
5837,"A",1
5838,"A",2
5839,"A",1
5840,"A",2
5841,"A",1
5842,"A",2
5843,"A",1
5844,"A",2
5845,"A",1
5846,"A",2
5847,"A",1
5848,"A",2
5849,"A",1
5850,"A",2
5851,"A",1
5852,"A",2
5853,"A",1
5854,"A",2
5855,"A",1
5856,"A",2
5857,"A",1
5858,"A",2
5859,"A",1
5860,"A",2
5861,"A",1
5862,"A",2
5863,"A",1
5864,"A",2
5865,"A",1
5866,"A",2
5867,"A",1
5868,"A",2
5869,"A",1
5870,"A",2
5871,"A",1
5872,"A",2
5873,"A",1
5874,"A",2
5875,"A",1
5876,"A",2
5877,"A",1
5878,"A",2
5879,"A",1
5880,"A",2
5881,"A",1
5882,"A",2
5883,"A",1
5884,"A",2
5885,"A",1
5886,"A",2
5887,"A",1
5888,"A",2
5889,"A",1
5890,"A",2
5891,"A",1
5892,"A",2
5893,"A",1
5894,"A",2
5895,"A",1
5896,"A",2
5897,"A",1
5898,"A",2
5899,"A",1
5900,"A",2
5901,"A",1
5902,"A",2
5903,"A",1
5904,"A",2
5905,"A",1
5906,"A",2
5907,"A",1
5908,"A",2
5909,"A",1
5910,"A",2
5911,"A",1
5912,"A",2
5913,"A",1
5914,"A",2
5915,"A",1
5916,"A",2
5917,"A",1
5918,"A",2
5919,"A",1
5920,"A",2
5921,"A",1
5922,"A",2
5923,"A",1
5924,"A",2
5925,"A",1
5926,"A",2
5927,"A",1
5928,"A",2
5929,"A",1
5930,"A",2
5931,"A",1
5932,"A",2
5933,"A",1
5934,"A",2
5935,"A",1
5936,"A",2
5937,"A",1
5938,"A",2
5939,"A",1
5940,"A",2
5941,"A",1
5942,"A",2
5943,"A",1
5944,"A",2
5945,"A",1
5946,"A",2
5947,"A",1
5948,"A",2
5949,"A",1
5950,"A",2
5951,"A",1
5952,"A",2
5953,"A",1
5954,"A",2
5955,"A",1
5956,"A",2
5957,"A",1
5958,"A",2
5959,"A",1
5960,"A",2
5961,"A",1
5962,"A",2
5963,"A",1
5964,"A",2
5965,"A",1
5966,"A",2
5967,"A",1
5968,"A",2
5969,"A",1
5970,"A",2
5971,"A",1
5972,"A",2
5973,"A",1
5974,"A",2
5975,"A",1
5976,"A",2
5977,"A",1
5978,"A",2
5979,"A",1
5980,"A",2
5981,"A",1
5982,"A",2
5983,"A",1
5984,"A",2
5985,"A",1
5986,"A",2
5987,"A",1
5988,"A",2
5989,"A",1
5990,"A",2
5991,"A",1
5992,"A",2
5993,"A",1
5994,"A",2
5995,"A",1
5996,"A",2
5997,"A",1
5998,"A",2
5999,"A",1
6000,"A",2
