"id","category","description","user_id","created_at","updated_at","image_link","created_date","created_at_ymd"
1,"F8ioxlh8VT","Ea ut et minus ut.",4,"2024-02-07 14:19:29","2024-02-07 14:19:29","Vel maxime voluptas.",2024-10-26,"20241026"
2,"Qrs72gsjGa","Nihil eum dolorem aut.",10,"2024-02-07 14:19:29","2024-02-07 14:19:29","Itaque consequatur.",2024-12-23,"20241223"
3,"9uzI7NiOao","Voluptate nulla non et.",2,"2024-02-07 14:19:29","2024-02-07 14:19:29","Officia earum quam.",2024-11-13,"20241113"
4,"QydRVo7tLd","Et est ut sint culpa.",10,"2024-02-07 14:19:29","2024-02-07 14:19:29","Aspernatur delectus.",2024-04-02,"20240402"
5,"sUJN8HxgFg","Nisi natus est atque aut.",2,"2024-02-07 14:19:29","2024-02-07 14:19:29","Iusto voluptas.",2024-09-01,"20240901"
6,"RWmotgOYvt","Fuga deleniti quasi qui.",1,"2024-02-07 14:19:29","2024-02-07 14:19:29","Sint facilis.",2024-10-25,"20241025"
7,"c8cv2wvB8l","Nemo facilis ut sit sed.",3,"2024-02-07 14:19:29","2024-02-07 14:19:29","Quidem consequatur.",2025-01-02,"20250102"
8,"2X4ye9PhIh","Officia cum iste error.",5,"2024-02-07 14:19:29","2024-02-07 14:19:29","Dolorem rerum.",2025-01-15,"20250115"
9,"f3xiCdq81k","Ut qui et consequatur.",1,"2024-02-07 14:19:29","2024-02-07 14:19:29","Quos fuga accusamus.",2024-03-04,"20240304"
10,"NejL4wgj4w","Dolores ut animi cum qui.",2,"2024-02-07 14:19:29","2024-02-07 14:19:29","Quisquam.",2024-06-23,"20240623"
11,"XDfFcXgT2G","Aliquid rerum est ea et.",5,"2024-02-07 14:19:29","2024-02-07 14:19:29","Ut deleniti unde.",2024-09-02,"20240902"
12,"Ns3an1ZfUF","Qui animi aut est ea ut.",3,"2024-02-07 14:19:29","2024-02-07 14:19:29","Consectetur alias.",2024-06-24,"20240624"
13,"MY16uYysyt","Aperiam eligendi ad sint.",7,"2024-02-07 14:19:29","2024-02-07 14:19:29","Amet ad dolores qui.",2024-03-12,"20240312"
14,"8FWOY90d3u","Nulla enim sint culpa.",7,"2024-02-07 14:19:29","2024-02-07 14:19:29","Debitis maiores ab.",2024-12-26,"20241226"
15,"4z9mSD6fzr","Eos libero sed beatae.",5,"2024-02-07 14:19:29","2024-02-07 14:19:29","Voluptas ea.",2024-07-18,"20240718"
16,"k7MRmVY0X8","Enim quo qui quo est.",10,"2024-02-07 14:19:29","2024-02-07 14:19:29","Excepturi voluptas.",2024-07-13,"20240713"
17,"bEUYRWupM5","Ut culpa qui fugit.",8,"2024-02-07 14:19:29","2024-02-07 14:19:29","Rerum distinctio.",2024-04-28,"20240428"
18,"wbGnntQmil","Officiis adipisci nam et.",1,"2024-02-07 14:19:29","2024-02-07 14:19:29","Expedita et omnis.",2024-03-03,"20240303"
19,"9BIOIxokpy","Fuga et voluptatem ut.",3,"2024-02-07 14:19:29","2024-02-07 14:19:29","Soluta error beatae.",2024-12-02,"20241202"
20,"0mocKkZUwr","Quis minus eaque autem.",3,"2024-02-07 14:19:29","2024-02-07 14:19:29","Molestias et nihil.",2024-09-18,"20240918"
